#usda 1.0
(
    defaultPrim = "Root"
)

def Xform "Root"
{
    def "_mBzITz" (
        prepend references = @/Users/malartrebenjamin/Documents/RnD/Jivaro/assets/maneki.usdz@
    )
    {
        over "body"
        {
            over "bodyShape" (
                prepend apiSchemas = ["PbdCollisionAPI"]
            )
            {
            }
        }

        over "coin"
        {
            over "coinShape" (
                prepend apiSchemas = ["PbdCollisionAPI"]
            )
            {
            }
        }

        over "collar"
        {
            over "collarShape" (
                prepend apiSchemas = ["PbdCollisionAPI"]
            )
            {
            }
        }
    }

    def DistantLight "DistantLight_sWgkAA"
    {
    }

    def Mesh "RegularGrid" (
        prepend apiSchemas = ["PbdBodyAPI", "PbdConstraintAPI:attach", "PbdConstraintAPI:stretch", "PbdConstraintAPI:shear", "PbdConstraintAPI:dihedral"]
    )
    {
        int[] faceVertexCounts = [4, 4, 4, 4, 4, 4, 4, 4, 4, 4, 4, 4, 4, 4, 4, 4, 4, 4, 4, 4, 4, 4, 4, 4, 4, 4, 4, 4, 4, 4, 4, 4, 4, 4, 4, 4, 4, 4, 4, 4, 4, 4, 4, 4, 4, 4, 4, 4, 4, 4, 4, 4, 4, 4, 4, 4, 4, 4, 4, 4, 4, 4, 4, 4, 4, 4, 4, 4, 4, 4, 4, 4, 4, 4, 4, 4, 4, 4, 4, 4, 4, 4, 4, 4, 4, 4, 4, 4, 4, 4, 4, 4, 4, 4, 4, 4, 4, 4, 4, 4, 4, 4, 4, 4, 4, 4, 4, 4, 4, 4, 4, 4, 4, 4, 4, 4, 4, 4, 4, 4, 4, 4, 4, 4, 4, 4, 4, 4, 4, 4, 4, 4, 4, 4, 4, 4, 4, 4, 4, 4, 4, 4, 4, 4, 4, 4, 4, 4, 4, 4, 4, 4, 4, 4, 4, 4, 4, 4, 4, 4, 4, 4, 4, 4, 4, 4, 4, 4, 4, 4, 4, 4, 4, 4, 4, 4, 4, 4, 4, 4, 4, 4, 4, 4, 4, 4, 4, 4, 4, 4, 4, 4, 4, 4, 4, 4, 4, 4, 4, 4, 4, 4, 4, 4, 4, 4, 4, 4, 4, 4, 4, 4, 4, 4, 4, 4, 4, 4, 4, 4, 4, 4, 4, 4, 4, 4, 4, 4, 4, 4, 4, 4, 4, 4, 4, 4, 4, 4, 4, 4, 4, 4, 4, 4, 4, 4, 4, 4, 4, 4, 4, 4, 4, 4, 4, 4, 4, 4, 4, 4, 4, 4, 4, 4, 4, 4, 4, 4, 4, 4, 4, 4, 4, 4, 4, 4, 4, 4, 4, 4, 4, 4, 4, 4, 4, 4, 4, 4, 4, 4, 4, 4, 4, 4, 4, 4, 4, 4, 4, 4, 4, 4, 4, 4, 4, 4, 4, 4, 4, 4, 4, 4, 4, 4, 4, 4, 4, 4, 4, 4, 4, 4, 4, 4, 4, 4, 4, 4, 4, 4, 4, 4, 4, 4, 4, 4, 4, 4, 4, 4, 4, 4, 4, 4, 4, 4, 4, 4, 4, 4, 4, 4, 4, 4, 4, 4, 4, 4, 4, 4, 4, 4, 4, 4, 4, 4, 4, 4, 4, 4, 4, 4, 4, 4, 4, 4, 4, 4, 4, 4, 4, 4, 4, 4, 4, 4, 4, 4, 4, 4, 4, 4, 4, 4, 4, 4, 4, 4, 4, 4, 4, 4, 4, 4, 4, 4, 4, 4, 4, 4, 4, 4, 4, 4, 4, 4, 4, 4, 4, 4, 4, 4, 4, 4, 4, 4, 4, 4, 4, 4, 4, 4, 4, 4, 4, 4, 4, 4, 4, 4, 4, 4, 4, 4, 4, 4, 4, 4, 4, 4, 4, 4, 4, 4, 4, 4, 4, 4, 4, 4, 4, 4, 4, 4, 4, 4, 4, 4, 4, 4, 4, 4, 4, 4, 4, 4, 4, 4, 4, 4, 4, 4, 4, 4, 4, 4, 4, 4, 4, 4, 4, 4, 4, 4, 4, 4, 4, 4, 4, 4, 4, 4, 4, 4, 4, 4, 4, 4, 4, 4, 4, 4, 4, 4, 4, 4, 4, 4, 4, 4, 4, 4, 4, 4, 4, 4, 4, 4, 4, 4, 4, 4, 4, 4, 4, 4, 4, 4, 4, 4, 4, 4, 4, 4, 4, 4, 4, 4, 4, 4, 4, 4, 4, 4, 4, 4, 4, 4, 4, 4, 4, 4, 4, 4, 4, 4, 4, 4, 4, 4, 4, 4, 4, 4, 4, 4, 4, 4, 4, 4, 4, 4, 4, 4, 4, 4, 4, 4, 4, 4, 4, 4, 4, 4, 4, 4, 4, 4, 4, 4, 4, 4, 4, 4, 4, 4, 4, 4, 4, 4, 4, 4, 4, 4, 4, 4, 4, 4, 4, 4, 4, 4, 4, 4, 4, 4, 4, 4, 4, 4, 4, 4, 4, 4, 4, 4, 4, 4, 4, 4, 4, 4, 4, 4, 4, 4, 4, 4, 4, 4, 4, 4, 4, 4, 4, 4, 4, 4, 4, 4, 4, 4, 4, 4, 4, 4, 4, 4, 4, 4, 4, 4, 4, 4, 4, 4, 4, 4, 4, 4, 4, 4, 4, 4, 4, 4, 4, 4, 4, 4, 4, 4, 4, 4, 4, 4, 4, 4, 4, 4, 4, 4, 4, 4, 4, 4, 4, 4, 4, 4, 4, 4, 4, 4, 4, 4, 4, 4, 4, 4, 4, 4, 4, 4, 4, 4, 4, 4, 4, 4, 4, 4, 4, 4, 4, 4, 4, 4, 4, 4, 4, 4, 4, 4, 4, 4, 4, 4, 4, 4, 4, 4, 4, 4, 4, 4, 4, 4, 4, 4, 4, 4, 4, 4, 4, 4, 4, 4, 4, 4, 4, 4, 4, 4, 4, 4, 4, 4, 4, 4, 4, 4, 4, 4, 4, 4, 4, 4, 4, 4, 4, 4, 4, 4, 4, 4, 4, 4, 4, 4, 4, 4, 4, 4, 4, 4, 4, 4, 4, 4, 4, 4, 4, 4, 4, 4, 4, 4, 4, 4, 4, 4, 4, 4, 4, 4, 4, 4, 4, 4, 4, 4, 4, 4, 4, 4, 4, 4, 4, 4, 4, 4, 4, 4, 4, 4, 4, 4, 4, 4, 4, 4, 4, 4, 4, 4, 4, 4, 4, 4, 4, 4, 4, 4, 4, 4, 4, 4, 4, 4, 4, 4, 4, 4, 4, 4, 4, 4, 4, 4, 4, 4, 4, 4, 4, 4, 4, 4, 4, 4, 4, 4, 4, 4, 4, 4, 4, 4, 4, 4, 4, 4, 4, 4, 4, 4, 4, 4, 4, 4, 4, 4, 4, 4, 4, 4, 4, 4, 4, 4, 4, 4, 4, 4, 4, 4, 4, 4, 4, 4, 4, 4, 4, 4, 4, 4, 4, 4, 4, 4, 4, 4, 4, 4, 4, 4, 4, 4, 4, 4, 4, 4, 4, 4, 4, 4, 4, 4, 4, 4, 4, 4, 4, 4, 4, 4, 4, 4, 4, 4, 4, 4, 4, 4, 4, 4, 4, 4, 4, 4, 4, 4, 4, 4, 4, 4, 4, 4, 4, 4, 4, 4, 4, 4, 4, 4, 4, 4, 4, 4, 4, 4, 4, 4, 4, 4, 4, 4, 4, 4, 4, 4, 4, 4, 4, 4, 4, 4, 4, 4, 4, 4, 4, 4, 4, 4, 4, 4, 4, 4, 4, 4, 4, 4, 4, 4, 4, 4, 4, 4, 4, 4, 4, 4, 4, 4, 4, 4, 4, 4, 4, 4, 4, 4, 4, 4, 4, 4, 4, 4, 4, 4, 4, 4, 4, 4, 4, 4, 4, 4, 4, 4, 4, 4, 4, 4, 4, 4, 4, 4, 4, 4, 4, 4, 4, 4, 4, 4, 4, 4, 4, 4, 4, 4, 4, 4, 4, 4, 4, 4, 4, 4, 4, 4, 4, 4, 4, 4, 4, 4, 4, 4, 4, 4, 4, 4, 4, 4, 4, 4, 4, 4, 4, 4, 4, 4, 4, 4, 4, 4, 4, 4, 4, 4, 4, 4, 4, 4, 4, 4, 4, 4, 4, 4, 4, 4, 4, 4, 4, 4, 4, 4, 4, 4, 4, 4, 4, 4, 4, 4, 4, 4, 4, 4, 4, 4, 4, 4, 4, 4, 4, 4, 4, 4, 4, 4, 4, 4, 4, 4, 4, 4, 4, 4, 4, 4, 4, 4, 4, 4, 4, 4, 4, 4, 4, 4, 4, 4, 4, 4, 4, 4, 4, 4, 4, 4, 4, 4, 4, 4, 4, 4, 4, 4, 4, 4, 4, 4, 4, 4, 4, 4, 4, 4, 4, 4, 4, 4, 4, 4, 4, 4, 4, 4, 4, 4, 4, 4, 4, 4, 4, 4, 4, 4, 4, 4, 4, 4, 4, 4, 4, 4, 4, 4, 4, 4, 4, 4, 4, 4, 4, 4, 4, 4, 4, 4, 4, 4, 4, 4, 4, 4, 4, 4, 4, 4, 4, 4, 4, 4, 4, 4, 4, 4, 4, 4, 4, 4, 4, 4, 4, 4, 4, 4, 4, 4, 4, 4, 4, 4, 4, 4, 4, 4, 4, 4, 4, 4, 4, 4, 4, 4, 4, 4, 4, 4, 4, 4, 4, 4, 4, 4, 4, 4, 4, 4, 4, 4, 4, 4, 4, 4, 4, 4, 4, 4, 4, 4, 4, 4, 4, 4, 4, 4, 4, 4, 4, 4, 4, 4, 4, 4, 4, 4, 4, 4, 4, 4, 4, 4, 4, 4, 4, 4, 4, 4, 4, 4, 4, 4, 4, 4, 4, 4, 4, 4, 4, 4, 4, 4, 4, 4, 4, 4, 4, 4, 4, 4, 4, 4, 4, 4, 4, 4, 4, 4, 4, 4, 4, 4, 4, 4, 4, 4, 4, 4, 4, 4, 4, 4, 4, 4, 4, 4, 4, 4, 4, 4, 4, 4, 4, 4, 4, 4, 4, 4, 4, 4, 4, 4, 4, 4, 4, 4, 4, 4, 4, 4, 4, 4, 4, 4, 4, 4, 4, 4, 4, 4, 4, 4, 4, 4, 4, 4, 4, 4, 4, 4, 4, 4, 4, 4, 4, 4, 4, 4, 4, 4, 4, 4, 4, 4, 4, 4, 4, 4, 4, 4, 4, 4, 4, 4, 4, 4, 4, 4, 4, 4, 4, 4, 4, 4, 4, 4, 4, 4, 4, 4, 4, 4, 4, 4, 4, 4, 4, 4, 4, 4, 4, 4, 4, 4, 4, 4, 4, 4, 4, 4, 4, 4, 4, 4, 4, 4, 4, 4, 4, 4, 4, 4, 4, 4, 4, 4, 4, 4, 4, 4, 4, 4, 4, 4, 4, 4, 4, 4, 4, 4, 4, 4, 4, 4, 4, 4, 4, 4, 4, 4, 4, 4, 4, 4, 4, 4, 4, 4, 4, 4, 4, 4, 4, 4, 4, 4, 4, 4, 4, 4, 4, 4, 4, 4, 4, 4, 4, 4, 4, 4, 4, 4, 4, 4, 4, 4, 4, 4, 4, 4, 4, 4, 4, 4, 4, 4, 4, 4, 4, 4, 4, 4, 4, 4, 4, 4, 4, 4, 4, 4, 4, 4, 4, 4, 4, 4, 4, 4, 4, 4, 4, 4, 4, 4, 4, 4, 4, 4, 4, 4, 4, 4, 4, 4, 4, 4, 4, 4, 4, 4, 4, 4, 4, 4, 4, 4, 4, 4, 4, 4, 4, 4, 4, 4, 4, 4, 4, 4, 4, 4, 4, 4, 4, 4, 4, 4, 4, 4, 4, 4, 4, 4, 4, 4, 4, 4, 4, 4, 4, 4, 4, 4, 4, 4, 4, 4, 4, 4, 4, 4, 4, 4, 4, 4, 4, 4, 4, 4, 4, 4, 4, 4, 4, 4, 4, 4, 4, 4, 4, 4, 4, 4, 4, 4, 4, 4, 4, 4, 4, 4, 4, 4, 4, 4, 4, 4, 4, 4, 4, 4, 4, 4, 4, 4, 4, 4, 4, 4, 4, 4, 4, 4, 4, 4, 4, 4, 4, 4, 4, 4, 4, 4, 4, 4, 4, 4, 4, 4, 4, 4, 4, 4, 4, 4, 4, 4, 4, 4, 4, 4, 4, 4, 4, 4, 4, 4, 4, 4, 4, 4, 4, 4, 4, 4, 4, 4, 4, 4, 4, 4, 4, 4, 4, 4, 4, 4, 4, 4, 4, 4, 4, 4, 4, 4, 4, 4, 4, 4, 4, 4, 4, 4, 4, 4, 4, 4, 4, 4, 4, 4, 4, 4, 4, 4, 4, 4, 4, 4, 4, 4, 4, 4, 4, 4, 4, 4, 4, 4, 4, 4, 4, 4, 4, 4, 4, 4, 4, 4, 4, 4, 4, 4, 4, 4, 4, 4, 4, 4, 4, 4, 4, 4, 4, 4, 4, 4, 4, 4, 4, 4, 4, 4, 4, 4, 4, 4, 4, 4, 4, 4, 4, 4, 4, 4, 4, 4, 4, 4, 4, 4, 4, 4, 4, 4, 4, 4, 4, 4, 4, 4, 4, 4, 4, 4, 4, 4, 4, 4, 4, 4, 4, 4, 4, 4, 4, 4, 4, 4, 4, 4, 4, 4, 4, 4, 4, 4, 4, 4, 4, 4, 4, 4, 4, 4, 4, 4, 4, 4, 4, 4, 4, 4, 4, 4, 4, 4, 4, 4, 4, 4, 4, 4, 4, 4, 4, 4, 4, 4, 4, 4, 4, 4, 4, 4, 4, 4, 4, 4, 4, 4, 4, 4, 4, 4, 4, 4, 4, 4, 4, 4, 4, 4, 4, 4, 4, 4, 4, 4, 4, 4, 4, 4, 4, 4, 4, 4, 4, 4, 4, 4, 4, 4, 4, 4, 4, 4, 4, 4, 4, 4, 4, 4, 4, 4, 4, 4, 4, 4, 4, 4, 4, 4, 4, 4, 4, 4, 4, 4, 4, 4, 4, 4, 4, 4, 4, 4, 4, 4, 4, 4, 4, 4, 4, 4, 4, 4, 4, 4, 4, 4, 4, 4, 4, 4, 4, 4, 4, 4, 4, 4, 4, 4, 4, 4, 4, 4, 4, 4, 4, 4, 4, 4, 4, 4, 4, 4, 4, 4, 4, 4, 4, 4, 4, 4, 4, 4, 4, 4, 4, 4, 4, 4, 4, 4, 4, 4, 4, 4, 4, 4, 4, 4, 4, 4, 4, 4, 4, 4, 4, 4, 4, 4, 4, 4, 4, 4, 4, 4, 4, 4, 4, 4, 4, 4, 4, 4, 4, 4, 4, 4, 4, 4, 4, 4, 4, 4, 4, 4, 4, 4, 4, 4, 4, 4, 4, 4, 4, 4, 4, 4, 4, 4, 4, 4, 4, 4, 4, 4, 4, 4, 4, 4, 4, 4, 4, 4, 4, 4, 4, 4, 4, 4, 4, 4, 4, 4, 4, 4, 4, 4, 4, 4, 4, 4, 4, 4, 4, 4, 4, 4, 4, 4, 4, 4, 4, 4, 4, 4, 4, 4, 4, 4, 4, 4, 4, 4, 4, 4, 4, 4, 4, 4, 4, 4, 4, 4, 4, 4, 4, 4, 4, 4, 4, 4, 4, 4, 4, 4, 4, 4, 4, 4, 4, 4, 4, 4, 4, 4, 4, 4, 4, 4, 4, 4, 4, 4, 4, 4, 4, 4, 4, 4, 4, 4, 4, 4, 4, 4, 4, 4, 4, 4, 4, 4, 4, 4, 4, 4, 4, 4, 4, 4, 4, 4, 4, 4, 4, 4, 4, 4, 4, 4, 4, 4, 4, 4, 4, 4, 4, 4, 4, 4, 4, 4, 4, 4, 4, 4, 4, 4, 4, 4, 4, 4, 4, 4, 4, 4, 4, 4, 4, 4, 4, 4, 4, 4, 4, 4, 4, 4, 4, 4, 4, 4, 4, 4, 4, 4, 4, 4, 4, 4, 4, 4, 4, 4, 4, 4, 4, 4, 4, 4, 4, 4, 4, 4, 4, 4, 4, 4, 4, 4, 4, 4, 4, 4, 4, 4, 4, 4, 4, 4, 4, 4, 4, 4, 4, 4, 4, 4, 4, 4, 4, 4, 4, 4, 4, 4, 4, 4, 4, 4, 4, 4, 4, 4, 4, 4, 4, 4, 4, 4, 4, 4, 4, 4, 4, 4, 4, 4, 4, 4, 4, 4, 4, 4, 4, 4, 4, 4, 4, 4, 4, 4, 4, 4, 4, 4, 4, 4, 4, 4, 4, 4, 4, 4, 4, 4, 4, 4, 4, 4, 4, 4, 4, 4, 4, 4, 4, 4, 4, 4, 4, 4, 4, 4, 4, 4, 4, 4, 4, 4, 4, 4, 4, 4, 4, 4, 4, 4, 4, 4, 4, 4, 4, 4, 4, 4, 4, 4, 4, 4, 4, 4, 4, 4, 4, 4, 4, 4, 4, 4, 4, 4, 4, 4, 4, 4, 4, 4, 4, 4]
        int[] faceVertexIndices = [52, 1, 0, 51, 53, 2, 1, 52, 54, 3, 2, 53, 55, 4, 3, 54, 56, 5, 4, 55, 57, 6, 5, 56, 58, 7, 6, 57, 59, 8, 7, 58, 60, 9, 8, 59, 61, 10, 9, 60, 62, 11, 10, 61, 63, 12, 11, 62, 64, 13, 12, 63, 65, 14, 13, 64, 66, 15, 14, 65, 67, 16, 15, 66, 68, 17, 16, 67, 69, 18, 17, 68, 70, 19, 18, 69, 71, 20, 19, 70, 72, 21, 20, 71, 73, 22, 21, 72, 74, 23, 22, 73, 75, 24, 23, 74, 76, 25, 24, 75, 77, 26, 25, 76, 78, 27, 26, 77, 79, 28, 27, 78, 80, 29, 28, 79, 81, 30, 29, 80, 82, 31, 30, 81, 83, 32, 31, 82, 84, 33, 32, 83, 85, 34, 33, 84, 86, 35, 34, 85, 87, 36, 35, 86, 88, 37, 36, 87, 89, 38, 37, 88, 90, 39, 38, 89, 91, 40, 39, 90, 92, 41, 40, 91, 93, 42, 41, 92, 94, 43, 42, 93, 95, 44, 43, 94, 96, 45, 44, 95, 97, 46, 45, 96, 98, 47, 46, 97, 99, 48, 47, 98, 100, 49, 48, 99, 101, 50, 49, 100, 103, 52, 51, 102, 104, 53, 52, 103, 105, 54, 53, 104, 106, 55, 54, 105, 107, 56, 55, 106, 108, 57, 56, 107, 109, 58, 57, 108, 110, 59, 58, 109, 111, 60, 59, 110, 112, 61, 60, 111, 113, 62, 61, 112, 114, 63, 62, 113, 115, 64, 63, 114, 116, 65, 64, 115, 117, 66, 65, 116, 118, 67, 66, 117, 119, 68, 67, 118, 120, 69, 68, 119, 121, 70, 69, 120, 122, 71, 70, 121, 123, 72, 71, 122, 124, 73, 72, 123, 125, 74, 73, 124, 126, 75, 74, 125, 127, 76, 75, 126, 128, 77, 76, 127, 129, 78, 77, 128, 130, 79, 78, 129, 131, 80, 79, 130, 132, 81, 80, 131, 133, 82, 81, 132, 134, 83, 82, 133, 135, 84, 83, 134, 136, 85, 84, 135, 137, 86, 85, 136, 138, 87, 86, 137, 139, 88, 87, 138, 140, 89, 88, 139, 141, 90, 89, 140, 142, 91, 90, 141, 143, 92, 91, 142, 144, 93, 92, 143, 145, 94, 93, 144, 146, 95, 94, 145, 147, 96, 95, 146, 148, 97, 96, 147, 149, 98, 97, 148, 150, 99, 98, 149, 151, 100, 99, 150, 152, 101, 100, 151, 154, 103, 102, 153, 155, 104, 103, 154, 156, 105, 104, 155, 157, 106, 105, 156, 158, 107, 106, 157, 159, 108, 107, 158, 160, 109, 108, 159, 161, 110, 109, 160, 162, 111, 110, 161, 163, 112, 111, 162, 164, 113, 112, 163, 165, 114, 113, 164, 166, 115, 114, 165, 167, 116, 115, 166, 168, 117, 116, 167, 169, 118, 117, 168, 170, 119, 118, 169, 171, 120, 119, 170, 172, 121, 120, 171, 173, 122, 121, 172, 174, 123, 122, 173, 175, 124, 123, 174, 176, 125, 124, 175, 177, 126, 125, 176, 178, 127, 126, 177, 179, 128, 127, 178, 180, 129, 128, 179, 181, 130, 129, 180, 182, 131, 130, 181, 183, 132, 131, 182, 184, 133, 132, 183, 185, 134, 133, 184, 186, 135, 134, 185, 187, 136, 135, 186, 188, 137, 136, 187, 189, 138, 137, 188, 190, 139, 138, 189, 191, 140, 139, 190, 192, 141, 140, 191, 193, 142, 141, 192, 194, 143, 142, 193, 195, 144, 143, 194, 196, 145, 144, 195, 197, 146, 145, 196, 198, 147, 146, 197, 199, 148, 147, 198, 200, 149, 148, 199, 201, 150, 149, 200, 202, 151, 150, 201, 203, 152, 151, 202, 205, 154, 153, 204, 206, 155, 154, 205, 207, 156, 155, 206, 208, 157, 156, 207, 209, 158, 157, 208, 210, 159, 158, 209, 211, 160, 159, 210, 212, 161, 160, 211, 213, 162, 161, 212, 214, 163, 162, 213, 215, 164, 163, 214, 216, 165, 164, 215, 217, 166, 165, 216, 218, 167, 166, 217, 219, 168, 167, 218, 220, 169, 168, 219, 221, 170, 169, 220, 222, 171, 170, 221, 223, 172, 171, 222, 224, 173, 172, 223, 225, 174, 173, 224, 226, 175, 174, 225, 227, 176, 175, 226, 228, 177, 176, 227, 229, 178, 177, 228, 230, 179, 178, 229, 231, 180, 179, 230, 232, 181, 180, 231, 233, 182, 181, 232, 234, 183, 182, 233, 235, 184, 183, 234, 236, 185, 184, 235, 237, 186, 185, 236, 238, 187, 186, 237, 239, 188, 187, 238, 240, 189, 188, 239, 241, 190, 189, 240, 242, 191, 190, 241, 243, 192, 191, 242, 244, 193, 192, 243, 245, 194, 193, 244, 246, 195, 194, 245, 247, 196, 195, 246, 248, 197, 196, 247, 249, 198, 197, 248, 250, 199, 198, 249, 251, 200, 199, 250, 252, 201, 200, 251, 253, 202, 201, 252, 254, 203, 202, 253, 256, 205, 204, 255, 257, 206, 205, 256, 258, 207, 206, 257, 259, 208, 207, 258, 260, 209, 208, 259, 261, 210, 209, 260, 262, 211, 210, 261, 263, 212, 211, 262, 264, 213, 212, 263, 265, 214, 213, 264, 266, 215, 214, 265, 267, 216, 215, 266, 268, 217, 216, 267, 269, 218, 217, 268, 270, 219, 218, 269, 271, 220, 219, 270, 272, 221, 220, 271, 273, 222, 221, 272, 274, 223, 222, 273, 275, 224, 223, 274, 276, 225, 224, 275, 277, 226, 225, 276, 278, 227, 226, 277, 279, 228, 227, 278, 280, 229, 228, 279, 281, 230, 229, 280, 282, 231, 230, 281, 283, 232, 231, 282, 284, 233, 232, 283, 285, 234, 233, 284, 286, 235, 234, 285, 287, 236, 235, 286, 288, 237, 236, 287, 289, 238, 237, 288, 290, 239, 238, 289, 291, 240, 239, 290, 292, 241, 240, 291, 293, 242, 241, 292, 294, 243, 242, 293, 295, 244, 243, 294, 296, 245, 244, 295, 297, 246, 245, 296, 298, 247, 246, 297, 299, 248, 247, 298, 300, 249, 248, 299, 301, 250, 249, 300, 302, 251, 250, 301, 303, 252, 251, 302, 304, 253, 252, 303, 305, 254, 253, 304, 307, 256, 255, 306, 308, 257, 256, 307, 309, 258, 257, 308, 310, 259, 258, 309, 311, 260, 259, 310, 312, 261, 260, 311, 313, 262, 261, 312, 314, 263, 262, 313, 315, 264, 263, 314, 316, 265, 264, 315, 317, 266, 265, 316, 318, 267, 266, 317, 319, 268, 267, 318, 320, 269, 268, 319, 321, 270, 269, 320, 322, 271, 270, 321, 323, 272, 271, 322, 324, 273, 272, 323, 325, 274, 273, 324, 326, 275, 274, 325, 327, 276, 275, 326, 328, 277, 276, 327, 329, 278, 277, 328, 330, 279, 278, 329, 331, 280, 279, 330, 332, 281, 280, 331, 333, 282, 281, 332, 334, 283, 282, 333, 335, 284, 283, 334, 336, 285, 284, 335, 337, 286, 285, 336, 338, 287, 286, 337, 339, 288, 287, 338, 340, 289, 288, 339, 341, 290, 289, 340, 342, 291, 290, 341, 343, 292, 291, 342, 344, 293, 292, 343, 345, 294, 293, 344, 346, 295, 294, 345, 347, 296, 295, 346, 348, 297, 296, 347, 349, 298, 297, 348, 350, 299, 298, 349, 351, 300, 299, 350, 352, 301, 300, 351, 353, 302, 301, 352, 354, 303, 302, 353, 355, 304, 303, 354, 356, 305, 304, 355, 358, 307, 306, 357, 359, 308, 307, 358, 360, 309, 308, 359, 361, 310, 309, 360, 362, 311, 310, 361, 363, 312, 311, 362, 364, 313, 312, 363, 365, 314, 313, 364, 366, 315, 314, 365, 367, 316, 315, 366, 368, 317, 316, 367, 369, 318, 317, 368, 370, 319, 318, 369, 371, 320, 319, 370, 372, 321, 320, 371, 373, 322, 321, 372, 374, 323, 322, 373, 375, 324, 323, 374, 376, 325, 324, 375, 377, 326, 325, 376, 378, 327, 326, 377, 379, 328, 327, 378, 380, 329, 328, 379, 381, 330, 329, 380, 382, 331, 330, 381, 383, 332, 331, 382, 384, 333, 332, 383, 385, 334, 333, 384, 386, 335, 334, 385, 387, 336, 335, 386, 388, 337, 336, 387, 389, 338, 337, 388, 390, 339, 338, 389, 391, 340, 339, 390, 392, 341, 340, 391, 393, 342, 341, 392, 394, 343, 342, 393, 395, 344, 343, 394, 396, 345, 344, 395, 397, 346, 345, 396, 398, 347, 346, 397, 399, 348, 347, 398, 400, 349, 348, 399, 401, 350, 349, 400, 402, 351, 350, 401, 403, 352, 351, 402, 404, 353, 352, 403, 405, 354, 353, 404, 406, 355, 354, 405, 407, 356, 355, 406, 409, 358, 357, 408, 410, 359, 358, 409, 411, 360, 359, 410, 412, 361, 360, 411, 413, 362, 361, 412, 414, 363, 362, 413, 415, 364, 363, 414, 416, 365, 364, 415, 417, 366, 365, 416, 418, 367, 366, 417, 419, 368, 367, 418, 420, 369, 368, 419, 421, 370, 369, 420, 422, 371, 370, 421, 423, 372, 371, 422, 424, 373, 372, 423, 425, 374, 373, 424, 426, 375, 374, 425, 427, 376, 375, 426, 428, 377, 376, 427, 429, 378, 377, 428, 430, 379, 378, 429, 431, 380, 379, 430, 432, 381, 380, 431, 433, 382, 381, 432, 434, 383, 382, 433, 435, 384, 383, 434, 436, 385, 384, 435, 437, 386, 385, 436, 438, 387, 386, 437, 439, 388, 387, 438, 440, 389, 388, 439, 441, 390, 389, 440, 442, 391, 390, 441, 443, 392, 391, 442, 444, 393, 392, 443, 445, 394, 393, 444, 446, 395, 394, 445, 447, 396, 395, 446, 448, 397, 396, 447, 449, 398, 397, 448, 450, 399, 398, 449, 451, 400, 399, 450, 452, 401, 400, 451, 453, 402, 401, 452, 454, 403, 402, 453, 455, 404, 403, 454, 456, 405, 404, 455, 457, 406, 405, 456, 458, 407, 406, 457, 460, 409, 408, 459, 461, 410, 409, 460, 462, 411, 410, 461, 463, 412, 411, 462, 464, 413, 412, 463, 465, 414, 413, 464, 466, 415, 414, 465, 467, 416, 415, 466, 468, 417, 416, 467, 469, 418, 417, 468, 470, 419, 418, 469, 471, 420, 419, 470, 472, 421, 420, 471, 473, 422, 421, 472, 474, 423, 422, 473, 475, 424, 423, 474, 476, 425, 424, 475, 477, 426, 425, 476, 478, 427, 426, 477, 479, 428, 427, 478, 480, 429, 428, 479, 481, 430, 429, 480, 482, 431, 430, 481, 483, 432, 431, 482, 484, 433, 432, 483, 485, 434, 433, 484, 486, 435, 434, 485, 487, 436, 435, 486, 488, 437, 436, 487, 489, 438, 437, 488, 490, 439, 438, 489, 491, 440, 439, 490, 492, 441, 440, 491, 493, 442, 441, 492, 494, 443, 442, 493, 495, 444, 443, 494, 496, 445, 444, 495, 497, 446, 445, 496, 498, 447, 446, 497, 499, 448, 447, 498, 500, 449, 448, 499, 501, 450, 449, 500, 502, 451, 450, 501, 503, 452, 451, 502, 504, 453, 452, 503, 505, 454, 453, 504, 506, 455, 454, 505, 507, 456, 455, 506, 508, 457, 456, 507, 509, 458, 457, 508, 511, 460, 459, 510, 512, 461, 460, 511, 513, 462, 461, 512, 514, 463, 462, 513, 515, 464, 463, 514, 516, 465, 464, 515, 517, 466, 465, 516, 518, 467, 466, 517, 519, 468, 467, 518, 520, 469, 468, 519, 521, 470, 469, 520, 522, 471, 470, 521, 523, 472, 471, 522, 524, 473, 472, 523, 525, 474, 473, 524, 526, 475, 474, 525, 527, 476, 475, 526, 528, 477, 476, 527, 529, 478, 477, 528, 530, 479, 478, 529, 531, 480, 479, 530, 532, 481, 480, 531, 533, 482, 481, 532, 534, 483, 482, 533, 535, 484, 483, 534, 536, 485, 484, 535, 537, 486, 485, 536, 538, 487, 486, 537, 539, 488, 487, 538, 540, 489, 488, 539, 541, 490, 489, 540, 542, 491, 490, 541, 543, 492, 491, 542, 544, 493, 492, 543, 545, 494, 493, 544, 546, 495, 494, 545, 547, 496, 495, 546, 548, 497, 496, 547, 549, 498, 497, 548, 550, 499, 498, 549, 551, 500, 499, 550, 552, 501, 500, 551, 553, 502, 501, 552, 554, 503, 502, 553, 555, 504, 503, 554, 556, 505, 504, 555, 557, 506, 505, 556, 558, 507, 506, 557, 559, 508, 507, 558, 560, 509, 508, 559, 562, 511, 510, 561, 563, 512, 511, 562, 564, 513, 512, 563, 565, 514, 513, 564, 566, 515, 514, 565, 567, 516, 515, 566, 568, 517, 516, 567, 569, 518, 517, 568, 570, 519, 518, 569, 571, 520, 519, 570, 572, 521, 520, 571, 573, 522, 521, 572, 574, 523, 522, 573, 575, 524, 523, 574, 576, 525, 524, 575, 577, 526, 525, 576, 578, 527, 526, 577, 579, 528, 527, 578, 580, 529, 528, 579, 581, 530, 529, 580, 582, 531, 530, 581, 583, 532, 531, 582, 584, 533, 532, 583, 585, 534, 533, 584, 586, 535, 534, 585, 587, 536, 535, 586, 588, 537, 536, 587, 589, 538, 537, 588, 590, 539, 538, 589, 591, 540, 539, 590, 592, 541, 540, 591, 593, 542, 541, 592, 594, 543, 542, 593, 595, 544, 543, 594, 596, 545, 544, 595, 597, 546, 545, 596, 598, 547, 546, 597, 599, 548, 547, 598, 600, 549, 548, 599, 601, 550, 549, 600, 602, 551, 550, 601, 603, 552, 551, 602, 604, 553, 552, 603, 605, 554, 553, 604, 606, 555, 554, 605, 607, 556, 555, 606, 608, 557, 556, 607, 609, 558, 557, 608, 610, 559, 558, 609, 611, 560, 559, 610, 613, 562, 561, 612, 614, 563, 562, 613, 615, 564, 563, 614, 616, 565, 564, 615, 617, 566, 565, 616, 618, 567, 566, 617, 619, 568, 567, 618, 620, 569, 568, 619, 621, 570, 569, 620, 622, 571, 570, 621, 623, 572, 571, 622, 624, 573, 572, 623, 625, 574, 573, 624, 626, 575, 574, 625, 627, 576, 575, 626, 628, 577, 576, 627, 629, 578, 577, 628, 630, 579, 578, 629, 631, 580, 579, 630, 632, 581, 580, 631, 633, 582, 581, 632, 634, 583, 582, 633, 635, 584, 583, 634, 636, 585, 584, 635, 637, 586, 585, 636, 638, 587, 586, 637, 639, 588, 587, 638, 640, 589, 588, 639, 641, 590, 589, 640, 642, 591, 590, 641, 643, 592, 591, 642, 644, 593, 592, 643, 645, 594, 593, 644, 646, 595, 594, 645, 647, 596, 595, 646, 648, 597, 596, 647, 649, 598, 597, 648, 650, 599, 598, 649, 651, 600, 599, 650, 652, 601, 600, 651, 653, 602, 601, 652, 654, 603, 602, 653, 655, 604, 603, 654, 656, 605, 604, 655, 657, 606, 605, 656, 658, 607, 606, 657, 659, 608, 607, 658, 660, 609, 608, 659, 661, 610, 609, 660, 662, 611, 610, 661, 664, 613, 612, 663, 665, 614, 613, 664, 666, 615, 614, 665, 667, 616, 615, 666, 668, 617, 616, 667, 669, 618, 617, 668, 670, 619, 618, 669, 671, 620, 619, 670, 672, 621, 620, 671, 673, 622, 621, 672, 674, 623, 622, 673, 675, 624, 623, 674, 676, 625, 624, 675, 677, 626, 625, 676, 678, 627, 626, 677, 679, 628, 627, 678, 680, 629, 628, 679, 681, 630, 629, 680, 682, 631, 630, 681, 683, 632, 631, 682, 684, 633, 632, 683, 685, 634, 633, 684, 686, 635, 634, 685, 687, 636, 635, 686, 688, 637, 636, 687, 689, 638, 637, 688, 690, 639, 638, 689, 691, 640, 639, 690, 692, 641, 640, 691, 693, 642, 641, 692, 694, 643, 642, 693, 695, 644, 643, 694, 696, 645, 644, 695, 697, 646, 645, 696, 698, 647, 646, 697, 699, 648, 647, 698, 700, 649, 648, 699, 701, 650, 649, 700, 702, 651, 650, 701, 703, 652, 651, 702, 704, 653, 652, 703, 705, 654, 653, 704, 706, 655, 654, 705, 707, 656, 655, 706, 708, 657, 656, 707, 709, 658, 657, 708, 710, 659, 658, 709, 711, 660, 659, 710, 712, 661, 660, 711, 713, 662, 661, 712, 715, 664, 663, 714, 716, 665, 664, 715, 717, 666, 665, 716, 718, 667, 666, 717, 719, 668, 667, 718, 720, 669, 668, 719, 721, 670, 669, 720, 722, 671, 670, 721, 723, 672, 671, 722, 724, 673, 672, 723, 725, 674, 673, 724, 726, 675, 674, 725, 727, 676, 675, 726, 728, 677, 676, 727, 729, 678, 677, 728, 730, 679, 678, 729, 731, 680, 679, 730, 732, 681, 680, 731, 733, 682, 681, 732, 734, 683, 682, 733, 735, 684, 683, 734, 736, 685, 684, 735, 737, 686, 685, 736, 738, 687, 686, 737, 739, 688, 687, 738, 740, 689, 688, 739, 741, 690, 689, 740, 742, 691, 690, 741, 743, 692, 691, 742, 744, 693, 692, 743, 745, 694, 693, 744, 746, 695, 694, 745, 747, 696, 695, 746, 748, 697, 696, 747, 749, 698, 697, 748, 750, 699, 698, 749, 751, 700, 699, 750, 752, 701, 700, 751, 753, 702, 701, 752, 754, 703, 702, 753, 755, 704, 703, 754, 756, 705, 704, 755, 757, 706, 705, 756, 758, 707, 706, 757, 759, 708, 707, 758, 760, 709, 708, 759, 761, 710, 709, 760, 762, 711, 710, 761, 763, 712, 711, 762, 764, 713, 712, 763, 766, 715, 714, 765, 767, 716, 715, 766, 768, 717, 716, 767, 769, 718, 717, 768, 770, 719, 718, 769, 771, 720, 719, 770, 772, 721, 720, 771, 773, 722, 721, 772, 774, 723, 722, 773, 775, 724, 723, 774, 776, 725, 724, 775, 777, 726, 725, 776, 778, 727, 726, 777, 779, 728, 727, 778, 780, 729, 728, 779, 781, 730, 729, 780, 782, 731, 730, 781, 783, 732, 731, 782, 784, 733, 732, 783, 785, 734, 733, 784, 786, 735, 734, 785, 787, 736, 735, 786, 788, 737, 736, 787, 789, 738, 737, 788, 790, 739, 738, 789, 791, 740, 739, 790, 792, 741, 740, 791, 793, 742, 741, 792, 794, 743, 742, 793, 795, 744, 743, 794, 796, 745, 744, 795, 797, 746, 745, 796, 798, 747, 746, 797, 799, 748, 747, 798, 800, 749, 748, 799, 801, 750, 749, 800, 802, 751, 750, 801, 803, 752, 751, 802, 804, 753, 752, 803, 805, 754, 753, 804, 806, 755, 754, 805, 807, 756, 755, 806, 808, 757, 756, 807, 809, 758, 757, 808, 810, 759, 758, 809, 811, 760, 759, 810, 812, 761, 760, 811, 813, 762, 761, 812, 814, 763, 762, 813, 815, 764, 763, 814, 817, 766, 765, 816, 818, 767, 766, 817, 819, 768, 767, 818, 820, 769, 768, 819, 821, 770, 769, 820, 822, 771, 770, 821, 823, 772, 771, 822, 824, 773, 772, 823, 825, 774, 773, 824, 826, 775, 774, 825, 827, 776, 775, 826, 828, 777, 776, 827, 829, 778, 777, 828, 830, 779, 778, 829, 831, 780, 779, 830, 832, 781, 780, 831, 833, 782, 781, 832, 834, 783, 782, 833, 835, 784, 783, 834, 836, 785, 784, 835, 837, 786, 785, 836, 838, 787, 786, 837, 839, 788, 787, 838, 840, 789, 788, 839, 841, 790, 789, 840, 842, 791, 790, 841, 843, 792, 791, 842, 844, 793, 792, 843, 845, 794, 793, 844, 846, 795, 794, 845, 847, 796, 795, 846, 848, 797, 796, 847, 849, 798, 797, 848, 850, 799, 798, 849, 851, 800, 799, 850, 852, 801, 800, 851, 853, 802, 801, 852, 854, 803, 802, 853, 855, 804, 803, 854, 856, 805, 804, 855, 857, 806, 805, 856, 858, 807, 806, 857, 859, 808, 807, 858, 860, 809, 808, 859, 861, 810, 809, 860, 862, 811, 810, 861, 863, 812, 811, 862, 864, 813, 812, 863, 865, 814, 813, 864, 866, 815, 814, 865, 868, 817, 816, 867, 869, 818, 817, 868, 870, 819, 818, 869, 871, 820, 819, 870, 872, 821, 820, 871, 873, 822, 821, 872, 874, 823, 822, 873, 875, 824, 823, 874, 876, 825, 824, 875, 877, 826, 825, 876, 878, 827, 826, 877, 879, 828, 827, 878, 880, 829, 828, 879, 881, 830, 829, 880, 882, 831, 830, 881, 883, 832, 831, 882, 884, 833, 832, 883, 885, 834, 833, 884, 886, 835, 834, 885, 887, 836, 835, 886, 888, 837, 836, 887, 889, 838, 837, 888, 890, 839, 838, 889, 891, 840, 839, 890, 892, 841, 840, 891, 893, 842, 841, 892, 894, 843, 842, 893, 895, 844, 843, 894, 896, 845, 844, 895, 897, 846, 845, 896, 898, 847, 846, 897, 899, 848, 847, 898, 900, 849, 848, 899, 901, 850, 849, 900, 902, 851, 850, 901, 903, 852, 851, 902, 904, 853, 852, 903, 905, 854, 853, 904, 906, 855, 854, 905, 907, 856, 855, 906, 908, 857, 856, 907, 909, 858, 857, 908, 910, 859, 858, 909, 911, 860, 859, 910, 912, 861, 860, 911, 913, 862, 861, 912, 914, 863, 862, 913, 915, 864, 863, 914, 916, 865, 864, 915, 917, 866, 865, 916, 919, 868, 867, 918, 920, 869, 868, 919, 921, 870, 869, 920, 922, 871, 870, 921, 923, 872, 871, 922, 924, 873, 872, 923, 925, 874, 873, 924, 926, 875, 874, 925, 927, 876, 875, 926, 928, 877, 876, 927, 929, 878, 877, 928, 930, 879, 878, 929, 931, 880, 879, 930, 932, 881, 880, 931, 933, 882, 881, 932, 934, 883, 882, 933, 935, 884, 883, 934, 936, 885, 884, 935, 937, 886, 885, 936, 938, 887, 886, 937, 939, 888, 887, 938, 940, 889, 888, 939, 941, 890, 889, 940, 942, 891, 890, 941, 943, 892, 891, 942, 944, 893, 892, 943, 945, 894, 893, 944, 946, 895, 894, 945, 947, 896, 895, 946, 948, 897, 896, 947, 949, 898, 897, 948, 950, 899, 898, 949, 951, 900, 899, 950, 952, 901, 900, 951, 953, 902, 901, 952, 954, 903, 902, 953, 955, 904, 903, 954, 956, 905, 904, 955, 957, 906, 905, 956, 958, 907, 906, 957, 959, 908, 907, 958, 960, 909, 908, 959, 961, 910, 909, 960, 962, 911, 910, 961, 963, 912, 911, 962, 964, 913, 912, 963, 965, 914, 913, 964, 966, 915, 914, 965, 967, 916, 915, 966, 968, 917, 916, 967, 970, 919, 918, 969, 971, 920, 919, 970, 972, 921, 920, 971, 973, 922, 921, 972, 974, 923, 922, 973, 975, 924, 923, 974, 976, 925, 924, 975, 977, 926, 925, 976, 978, 927, 926, 977, 979, 928, 927, 978, 980, 929, 928, 979, 981, 930, 929, 980, 982, 931, 930, 981, 983, 932, 931, 982, 984, 933, 932, 983, 985, 934, 933, 984, 986, 935, 934, 985, 987, 936, 935, 986, 988, 937, 936, 987, 989, 938, 937, 988, 990, 939, 938, 989, 991, 940, 939, 990, 992, 941, 940, 991, 993, 942, 941, 992, 994, 943, 942, 993, 995, 944, 943, 994, 996, 945, 944, 995, 997, 946, 945, 996, 998, 947, 946, 997, 999, 948, 947, 998, 1000, 949, 948, 999, 1001, 950, 949, 1000, 1002, 951, 950, 1001, 1003, 952, 951, 1002, 1004, 953, 952, 1003, 1005, 954, 953, 1004, 1006, 955, 954, 1005, 1007, 956, 955, 1006, 1008, 957, 956, 1007, 1009, 958, 957, 1008, 1010, 959, 958, 1009, 1011, 960, 959, 1010, 1012, 961, 960, 1011, 1013, 962, 961, 1012, 1014, 963, 962, 1013, 1015, 964, 963, 1014, 1016, 965, 964, 1015, 1017, 966, 965, 1016, 1018, 967, 966, 1017, 1019, 968, 967, 1018, 1021, 970, 969, 1020, 1022, 971, 970, 1021, 1023, 972, 971, 1022, 1024, 973, 972, 1023, 1025, 974, 973, 1024, 1026, 975, 974, 1025, 1027, 976, 975, 1026, 1028, 977, 976, 1027, 1029, 978, 977, 1028, 1030, 979, 978, 1029, 1031, 980, 979, 1030, 1032, 981, 980, 1031, 1033, 982, 981, 1032, 1034, 983, 982, 1033, 1035, 984, 983, 1034, 1036, 985, 984, 1035, 1037, 986, 985, 1036, 1038, 987, 986, 1037, 1039, 988, 987, 1038, 1040, 989, 988, 1039, 1041, 990, 989, 1040, 1042, 991, 990, 1041, 1043, 992, 991, 1042, 1044, 993, 992, 1043, 1045, 994, 993, 1044, 1046, 995, 994, 1045, 1047, 996, 995, 1046, 1048, 997, 996, 1047, 1049, 998, 997, 1048, 1050, 999, 998, 1049, 1051, 1000, 999, 1050, 1052, 1001, 1000, 1051, 1053, 1002, 1001, 1052, 1054, 1003, 1002, 1053, 1055, 1004, 1003, 1054, 1056, 1005, 1004, 1055, 1057, 1006, 1005, 1056, 1058, 1007, 1006, 1057, 1059, 1008, 1007, 1058, 1060, 1009, 1008, 1059, 1061, 1010, 1009, 1060, 1062, 1011, 1010, 1061, 1063, 1012, 1011, 1062, 1064, 1013, 1012, 1063, 1065, 1014, 1013, 1064, 1066, 1015, 1014, 1065, 1067, 1016, 1015, 1066, 1068, 1017, 1016, 1067, 1069, 1018, 1017, 1068, 1070, 1019, 1018, 1069, 1072, 1021, 1020, 1071, 1073, 1022, 1021, 1072, 1074, 1023, 1022, 1073, 1075, 1024, 1023, 1074, 1076, 1025, 1024, 1075, 1077, 1026, 1025, 1076, 1078, 1027, 1026, 1077, 1079, 1028, 1027, 1078, 1080, 1029, 1028, 1079, 1081, 1030, 1029, 1080, 1082, 1031, 1030, 1081, 1083, 1032, 1031, 1082, 1084, 1033, 1032, 1083, 1085, 1034, 1033, 1084, 1086, 1035, 1034, 1085, 1087, 1036, 1035, 1086, 1088, 1037, 1036, 1087, 1089, 1038, 1037, 1088, 1090, 1039, 1038, 1089, 1091, 1040, 1039, 1090, 1092, 1041, 1040, 1091, 1093, 1042, 1041, 1092, 1094, 1043, 1042, 1093, 1095, 1044, 1043, 1094, 1096, 1045, 1044, 1095, 1097, 1046, 1045, 1096, 1098, 1047, 1046, 1097, 1099, 1048, 1047, 1098, 1100, 1049, 1048, 1099, 1101, 1050, 1049, 1100, 1102, 1051, 1050, 1101, 1103, 1052, 1051, 1102, 1104, 1053, 1052, 1103, 1105, 1054, 1053, 1104, 1106, 1055, 1054, 1105, 1107, 1056, 1055, 1106, 1108, 1057, 1056, 1107, 1109, 1058, 1057, 1108, 1110, 1059, 1058, 1109, 1111, 1060, 1059, 1110, 1112, 1061, 1060, 1111, 1113, 1062, 1061, 1112, 1114, 1063, 1062, 1113, 1115, 1064, 1063, 1114, 1116, 1065, 1064, 1115, 1117, 1066, 1065, 1116, 1118, 1067, 1066, 1117, 1119, 1068, 1067, 1118, 1120, 1069, 1068, 1119, 1121, 1070, 1069, 1120, 1123, 1072, 1071, 1122, 1124, 1073, 1072, 1123, 1125, 1074, 1073, 1124, 1126, 1075, 1074, 1125, 1127, 1076, 1075, 1126, 1128, 1077, 1076, 1127, 1129, 1078, 1077, 1128, 1130, 1079, 1078, 1129, 1131, 1080, 1079, 1130, 1132, 1081, 1080, 1131, 1133, 1082, 1081, 1132, 1134, 1083, 1082, 1133, 1135, 1084, 1083, 1134, 1136, 1085, 1084, 1135, 1137, 1086, 1085, 1136, 1138, 1087, 1086, 1137, 1139, 1088, 1087, 1138, 1140, 1089, 1088, 1139, 1141, 1090, 1089, 1140, 1142, 1091, 1090, 1141, 1143, 1092, 1091, 1142, 1144, 1093, 1092, 1143, 1145, 1094, 1093, 1144, 1146, 1095, 1094, 1145, 1147, 1096, 1095, 1146, 1148, 1097, 1096, 1147, 1149, 1098, 1097, 1148, 1150, 1099, 1098, 1149, 1151, 1100, 1099, 1150, 1152, 1101, 1100, 1151, 1153, 1102, 1101, 1152, 1154, 1103, 1102, 1153, 1155, 1104, 1103, 1154, 1156, 1105, 1104, 1155, 1157, 1106, 1105, 1156, 1158, 1107, 1106, 1157, 1159, 1108, 1107, 1158, 1160, 1109, 1108, 1159, 1161, 1110, 1109, 1160, 1162, 1111, 1110, 1161, 1163, 1112, 1111, 1162, 1164, 1113, 1112, 1163, 1165, 1114, 1113, 1164, 1166, 1115, 1114, 1165, 1167, 1116, 1115, 1166, 1168, 1117, 1116, 1167, 1169, 1118, 1117, 1168, 1170, 1119, 1118, 1169, 1171, 1120, 1119, 1170, 1172, 1121, 1120, 1171, 1174, 1123, 1122, 1173, 1175, 1124, 1123, 1174, 1176, 1125, 1124, 1175, 1177, 1126, 1125, 1176, 1178, 1127, 1126, 1177, 1179, 1128, 1127, 1178, 1180, 1129, 1128, 1179, 1181, 1130, 1129, 1180, 1182, 1131, 1130, 1181, 1183, 1132, 1131, 1182, 1184, 1133, 1132, 1183, 1185, 1134, 1133, 1184, 1186, 1135, 1134, 1185, 1187, 1136, 1135, 1186, 1188, 1137, 1136, 1187, 1189, 1138, 1137, 1188, 1190, 1139, 1138, 1189, 1191, 1140, 1139, 1190, 1192, 1141, 1140, 1191, 1193, 1142, 1141, 1192, 1194, 1143, 1142, 1193, 1195, 1144, 1143, 1194, 1196, 1145, 1144, 1195, 1197, 1146, 1145, 1196, 1198, 1147, 1146, 1197, 1199, 1148, 1147, 1198, 1200, 1149, 1148, 1199, 1201, 1150, 1149, 1200, 1202, 1151, 1150, 1201, 1203, 1152, 1151, 1202, 1204, 1153, 1152, 1203, 1205, 1154, 1153, 1204, 1206, 1155, 1154, 1205, 1207, 1156, 1155, 1206, 1208, 1157, 1156, 1207, 1209, 1158, 1157, 1208, 1210, 1159, 1158, 1209, 1211, 1160, 1159, 1210, 1212, 1161, 1160, 1211, 1213, 1162, 1161, 1212, 1214, 1163, 1162, 1213, 1215, 1164, 1163, 1214, 1216, 1165, 1164, 1215, 1217, 1166, 1165, 1216, 1218, 1167, 1166, 1217, 1219, 1168, 1167, 1218, 1220, 1169, 1168, 1219, 1221, 1170, 1169, 1220, 1222, 1171, 1170, 1221, 1223, 1172, 1171, 1222, 1225, 1174, 1173, 1224, 1226, 1175, 1174, 1225, 1227, 1176, 1175, 1226, 1228, 1177, 1176, 1227, 1229, 1178, 1177, 1228, 1230, 1179, 1178, 1229, 1231, 1180, 1179, 1230, 1232, 1181, 1180, 1231, 1233, 1182, 1181, 1232, 1234, 1183, 1182, 1233, 1235, 1184, 1183, 1234, 1236, 1185, 1184, 1235, 1237, 1186, 1185, 1236, 1238, 1187, 1186, 1237, 1239, 1188, 1187, 1238, 1240, 1189, 1188, 1239, 1241, 1190, 1189, 1240, 1242, 1191, 1190, 1241, 1243, 1192, 1191, 1242, 1244, 1193, 1192, 1243, 1245, 1194, 1193, 1244, 1246, 1195, 1194, 1245, 1247, 1196, 1195, 1246, 1248, 1197, 1196, 1247, 1249, 1198, 1197, 1248, 1250, 1199, 1198, 1249, 1251, 1200, 1199, 1250, 1252, 1201, 1200, 1251, 1253, 1202, 1201, 1252, 1254, 1203, 1202, 1253, 1255, 1204, 1203, 1254, 1256, 1205, 1204, 1255, 1257, 1206, 1205, 1256, 1258, 1207, 1206, 1257, 1259, 1208, 1207, 1258, 1260, 1209, 1208, 1259, 1261, 1210, 1209, 1260, 1262, 1211, 1210, 1261, 1263, 1212, 1211, 1262, 1264, 1213, 1212, 1263, 1265, 1214, 1213, 1264, 1266, 1215, 1214, 1265, 1267, 1216, 1215, 1266, 1268, 1217, 1216, 1267, 1269, 1218, 1217, 1268, 1270, 1219, 1218, 1269, 1271, 1220, 1219, 1270, 1272, 1221, 1220, 1271, 1273, 1222, 1221, 1272, 1274, 1223, 1222, 1273, 1276, 1225, 1224, 1275, 1277, 1226, 1225, 1276, 1278, 1227, 1226, 1277, 1279, 1228, 1227, 1278, 1280, 1229, 1228, 1279, 1281, 1230, 1229, 1280, 1282, 1231, 1230, 1281, 1283, 1232, 1231, 1282, 1284, 1233, 1232, 1283, 1285, 1234, 1233, 1284, 1286, 1235, 1234, 1285, 1287, 1236, 1235, 1286, 1288, 1237, 1236, 1287, 1289, 1238, 1237, 1288, 1290, 1239, 1238, 1289, 1291, 1240, 1239, 1290, 1292, 1241, 1240, 1291, 1293, 1242, 1241, 1292, 1294, 1243, 1242, 1293, 1295, 1244, 1243, 1294, 1296, 1245, 1244, 1295, 1297, 1246, 1245, 1296, 1298, 1247, 1246, 1297, 1299, 1248, 1247, 1298, 1300, 1249, 1248, 1299, 1301, 1250, 1249, 1300, 1302, 1251, 1250, 1301, 1303, 1252, 1251, 1302, 1304, 1253, 1252, 1303, 1305, 1254, 1253, 1304, 1306, 1255, 1254, 1305, 1307, 1256, 1255, 1306, 1308, 1257, 1256, 1307, 1309, 1258, 1257, 1308, 1310, 1259, 1258, 1309, 1311, 1260, 1259, 1310, 1312, 1261, 1260, 1311, 1313, 1262, 1261, 1312, 1314, 1263, 1262, 1313, 1315, 1264, 1263, 1314, 1316, 1265, 1264, 1315, 1317, 1266, 1265, 1316, 1318, 1267, 1266, 1317, 1319, 1268, 1267, 1318, 1320, 1269, 1268, 1319, 1321, 1270, 1269, 1320, 1322, 1271, 1270, 1321, 1323, 1272, 1271, 1322, 1324, 1273, 1272, 1323, 1325, 1274, 1273, 1324, 1327, 1276, 1275, 1326, 1328, 1277, 1276, 1327, 1329, 1278, 1277, 1328, 1330, 1279, 1278, 1329, 1331, 1280, 1279, 1330, 1332, 1281, 1280, 1331, 1333, 1282, 1281, 1332, 1334, 1283, 1282, 1333, 1335, 1284, 1283, 1334, 1336, 1285, 1284, 1335, 1337, 1286, 1285, 1336, 1338, 1287, 1286, 1337, 1339, 1288, 1287, 1338, 1340, 1289, 1288, 1339, 1341, 1290, 1289, 1340, 1342, 1291, 1290, 1341, 1343, 1292, 1291, 1342, 1344, 1293, 1292, 1343, 1345, 1294, 1293, 1344, 1346, 1295, 1294, 1345, 1347, 1296, 1295, 1346, 1348, 1297, 1296, 1347, 1349, 1298, 1297, 1348, 1350, 1299, 1298, 1349, 1351, 1300, 1299, 1350, 1352, 1301, 1300, 1351, 1353, 1302, 1301, 1352, 1354, 1303, 1302, 1353, 1355, 1304, 1303, 1354, 1356, 1305, 1304, 1355, 1357, 1306, 1305, 1356, 1358, 1307, 1306, 1357, 1359, 1308, 1307, 1358, 1360, 1309, 1308, 1359, 1361, 1310, 1309, 1360, 1362, 1311, 1310, 1361, 1363, 1312, 1311, 1362, 1364, 1313, 1312, 1363, 1365, 1314, 1313, 1364, 1366, 1315, 1314, 1365, 1367, 1316, 1315, 1366, 1368, 1317, 1316, 1367, 1369, 1318, 1317, 1368, 1370, 1319, 1318, 1369, 1371, 1320, 1319, 1370, 1372, 1321, 1320, 1371, 1373, 1322, 1321, 1372, 1374, 1323, 1322, 1373, 1375, 1324, 1323, 1374, 1376, 1325, 1324, 1375, 1378, 1327, 1326, 1377, 1379, 1328, 1327, 1378, 1380, 1329, 1328, 1379, 1381, 1330, 1329, 1380, 1382, 1331, 1330, 1381, 1383, 1332, 1331, 1382, 1384, 1333, 1332, 1383, 1385, 1334, 1333, 1384, 1386, 1335, 1334, 1385, 1387, 1336, 1335, 1386, 1388, 1337, 1336, 1387, 1389, 1338, 1337, 1388, 1390, 1339, 1338, 1389, 1391, 1340, 1339, 1390, 1392, 1341, 1340, 1391, 1393, 1342, 1341, 1392, 1394, 1343, 1342, 1393, 1395, 1344, 1343, 1394, 1396, 1345, 1344, 1395, 1397, 1346, 1345, 1396, 1398, 1347, 1346, 1397, 1399, 1348, 1347, 1398, 1400, 1349, 1348, 1399, 1401, 1350, 1349, 1400, 1402, 1351, 1350, 1401, 1403, 1352, 1351, 1402, 1404, 1353, 1352, 1403, 1405, 1354, 1353, 1404, 1406, 1355, 1354, 1405, 1407, 1356, 1355, 1406, 1408, 1357, 1356, 1407, 1409, 1358, 1357, 1408, 1410, 1359, 1358, 1409, 1411, 1360, 1359, 1410, 1412, 1361, 1360, 1411, 1413, 1362, 1361, 1412, 1414, 1363, 1362, 1413, 1415, 1364, 1363, 1414, 1416, 1365, 1364, 1415, 1417, 1366, 1365, 1416, 1418, 1367, 1366, 1417, 1419, 1368, 1367, 1418, 1420, 1369, 1368, 1419, 1421, 1370, 1369, 1420, 1422, 1371, 1370, 1421, 1423, 1372, 1371, 1422, 1424, 1373, 1372, 1423, 1425, 1374, 1373, 1424, 1426, 1375, 1374, 1425, 1427, 1376, 1375, 1426, 1429, 1378, 1377, 1428, 1430, 1379, 1378, 1429, 1431, 1380, 1379, 1430, 1432, 1381, 1380, 1431, 1433, 1382, 1381, 1432, 1434, 1383, 1382, 1433, 1435, 1384, 1383, 1434, 1436, 1385, 1384, 1435, 1437, 1386, 1385, 1436, 1438, 1387, 1386, 1437, 1439, 1388, 1387, 1438, 1440, 1389, 1388, 1439, 1441, 1390, 1389, 1440, 1442, 1391, 1390, 1441, 1443, 1392, 1391, 1442, 1444, 1393, 1392, 1443, 1445, 1394, 1393, 1444, 1446, 1395, 1394, 1445, 1447, 1396, 1395, 1446, 1448, 1397, 1396, 1447, 1449, 1398, 1397, 1448, 1450, 1399, 1398, 1449, 1451, 1400, 1399, 1450, 1452, 1401, 1400, 1451, 1453, 1402, 1401, 1452, 1454, 1403, 1402, 1453, 1455, 1404, 1403, 1454, 1456, 1405, 1404, 1455, 1457, 1406, 1405, 1456, 1458, 1407, 1406, 1457, 1459, 1408, 1407, 1458, 1460, 1409, 1408, 1459, 1461, 1410, 1409, 1460, 1462, 1411, 1410, 1461, 1463, 1412, 1411, 1462, 1464, 1413, 1412, 1463, 1465, 1414, 1413, 1464, 1466, 1415, 1414, 1465, 1467, 1416, 1415, 1466, 1468, 1417, 1416, 1467, 1469, 1418, 1417, 1468, 1470, 1419, 1418, 1469, 1471, 1420, 1419, 1470, 1472, 1421, 1420, 1471, 1473, 1422, 1421, 1472, 1474, 1423, 1422, 1473, 1475, 1424, 1423, 1474, 1476, 1425, 1424, 1475, 1477, 1426, 1425, 1476, 1478, 1427, 1426, 1477, 1480, 1429, 1428, 1479, 1481, 1430, 1429, 1480, 1482, 1431, 1430, 1481, 1483, 1432, 1431, 1482, 1484, 1433, 1432, 1483, 1485, 1434, 1433, 1484, 1486, 1435, 1434, 1485, 1487, 1436, 1435, 1486, 1488, 1437, 1436, 1487, 1489, 1438, 1437, 1488, 1490, 1439, 1438, 1489, 1491, 1440, 1439, 1490, 1492, 1441, 1440, 1491, 1493, 1442, 1441, 1492, 1494, 1443, 1442, 1493, 1495, 1444, 1443, 1494, 1496, 1445, 1444, 1495, 1497, 1446, 1445, 1496, 1498, 1447, 1446, 1497, 1499, 1448, 1447, 1498, 1500, 1449, 1448, 1499, 1501, 1450, 1449, 1500, 1502, 1451, 1450, 1501, 1503, 1452, 1451, 1502, 1504, 1453, 1452, 1503, 1505, 1454, 1453, 1504, 1506, 1455, 1454, 1505, 1507, 1456, 1455, 1506, 1508, 1457, 1456, 1507, 1509, 1458, 1457, 1508, 1510, 1459, 1458, 1509, 1511, 1460, 1459, 1510, 1512, 1461, 1460, 1511, 1513, 1462, 1461, 1512, 1514, 1463, 1462, 1513, 1515, 1464, 1463, 1514, 1516, 1465, 1464, 1515, 1517, 1466, 1465, 1516, 1518, 1467, 1466, 1517, 1519, 1468, 1467, 1518, 1520, 1469, 1468, 1519, 1521, 1470, 1469, 1520, 1522, 1471, 1470, 1521, 1523, 1472, 1471, 1522, 1524, 1473, 1472, 1523, 1525, 1474, 1473, 1524, 1526, 1475, 1474, 1525, 1527, 1476, 1475, 1526, 1528, 1477, 1476, 1527, 1529, 1478, 1477, 1528, 1531, 1480, 1479, 1530, 1532, 1481, 1480, 1531, 1533, 1482, 1481, 1532, 1534, 1483, 1482, 1533, 1535, 1484, 1483, 1534, 1536, 1485, 1484, 1535, 1537, 1486, 1485, 1536, 1538, 1487, 1486, 1537, 1539, 1488, 1487, 1538, 1540, 1489, 1488, 1539, 1541, 1490, 1489, 1540, 1542, 1491, 1490, 1541, 1543, 1492, 1491, 1542, 1544, 1493, 1492, 1543, 1545, 1494, 1493, 1544, 1546, 1495, 1494, 1545, 1547, 1496, 1495, 1546, 1548, 1497, 1496, 1547, 1549, 1498, 1497, 1548, 1550, 1499, 1498, 1549, 1551, 1500, 1499, 1550, 1552, 1501, 1500, 1551, 1553, 1502, 1501, 1552, 1554, 1503, 1502, 1553, 1555, 1504, 1503, 1554, 1556, 1505, 1504, 1555, 1557, 1506, 1505, 1556, 1558, 1507, 1506, 1557, 1559, 1508, 1507, 1558, 1560, 1509, 1508, 1559, 1561, 1510, 1509, 1560, 1562, 1511, 1510, 1561, 1563, 1512, 1511, 1562, 1564, 1513, 1512, 1563, 1565, 1514, 1513, 1564, 1566, 1515, 1514, 1565, 1567, 1516, 1515, 1566, 1568, 1517, 1516, 1567, 1569, 1518, 1517, 1568, 1570, 1519, 1518, 1569, 1571, 1520, 1519, 1570, 1572, 1521, 1520, 1571, 1573, 1522, 1521, 1572, 1574, 1523, 1522, 1573, 1575, 1524, 1523, 1574, 1576, 1525, 1524, 1575, 1577, 1526, 1525, 1576, 1578, 1527, 1526, 1577, 1579, 1528, 1527, 1578, 1580, 1529, 1528, 1579, 1582, 1531, 1530, 1581, 1583, 1532, 1531, 1582, 1584, 1533, 1532, 1583, 1585, 1534, 1533, 1584, 1586, 1535, 1534, 1585, 1587, 1536, 1535, 1586, 1588, 1537, 1536, 1587, 1589, 1538, 1537, 1588, 1590, 1539, 1538, 1589, 1591, 1540, 1539, 1590, 1592, 1541, 1540, 1591, 1593, 1542, 1541, 1592, 1594, 1543, 1542, 1593, 1595, 1544, 1543, 1594, 1596, 1545, 1544, 1595, 1597, 1546, 1545, 1596, 1598, 1547, 1546, 1597, 1599, 1548, 1547, 1598, 1600, 1549, 1548, 1599, 1601, 1550, 1549, 1600, 1602, 1551, 1550, 1601, 1603, 1552, 1551, 1602, 1604, 1553, 1552, 1603, 1605, 1554, 1553, 1604, 1606, 1555, 1554, 1605, 1607, 1556, 1555, 1606, 1608, 1557, 1556, 1607, 1609, 1558, 1557, 1608, 1610, 1559, 1558, 1609, 1611, 1560, 1559, 1610, 1612, 1561, 1560, 1611, 1613, 1562, 1561, 1612, 1614, 1563, 1562, 1613, 1615, 1564, 1563, 1614, 1616, 1565, 1564, 1615, 1617, 1566, 1565, 1616, 1618, 1567, 1566, 1617, 1619, 1568, 1567, 1618, 1620, 1569, 1568, 1619, 1621, 1570, 1569, 1620, 1622, 1571, 1570, 1621, 1623, 1572, 1571, 1622, 1624, 1573, 1572, 1623, 1625, 1574, 1573, 1624, 1626, 1575, 1574, 1625, 1627, 1576, 1575, 1626, 1628, 1577, 1576, 1627, 1629, 1578, 1577, 1628, 1630, 1579, 1578, 1629, 1631, 1580, 1579, 1630, 1633, 1582, 1581, 1632, 1634, 1583, 1582, 1633, 1635, 1584, 1583, 1634, 1636, 1585, 1584, 1635, 1637, 1586, 1585, 1636, 1638, 1587, 1586, 1637, 1639, 1588, 1587, 1638, 1640, 1589, 1588, 1639, 1641, 1590, 1589, 1640, 1642, 1591, 1590, 1641, 1643, 1592, 1591, 1642, 1644, 1593, 1592, 1643, 1645, 1594, 1593, 1644, 1646, 1595, 1594, 1645, 1647, 1596, 1595, 1646, 1648, 1597, 1596, 1647, 1649, 1598, 1597, 1648, 1650, 1599, 1598, 1649, 1651, 1600, 1599, 1650, 1652, 1601, 1600, 1651, 1653, 1602, 1601, 1652, 1654, 1603, 1602, 1653, 1655, 1604, 1603, 1654, 1656, 1605, 1604, 1655, 1657, 1606, 1605, 1656, 1658, 1607, 1606, 1657, 1659, 1608, 1607, 1658, 1660, 1609, 1608, 1659, 1661, 1610, 1609, 1660, 1662, 1611, 1610, 1661, 1663, 1612, 1611, 1662, 1664, 1613, 1612, 1663, 1665, 1614, 1613, 1664, 1666, 1615, 1614, 1665, 1667, 1616, 1615, 1666, 1668, 1617, 1616, 1667, 1669, 1618, 1617, 1668, 1670, 1619, 1618, 1669, 1671, 1620, 1619, 1670, 1672, 1621, 1620, 1671, 1673, 1622, 1621, 1672, 1674, 1623, 1622, 1673, 1675, 1624, 1623, 1674, 1676, 1625, 1624, 1675, 1677, 1626, 1625, 1676, 1678, 1627, 1626, 1677, 1679, 1628, 1627, 1678, 1680, 1629, 1628, 1679, 1681, 1630, 1629, 1680, 1682, 1631, 1630, 1681, 1684, 1633, 1632, 1683, 1685, 1634, 1633, 1684, 1686, 1635, 1634, 1685, 1687, 1636, 1635, 1686, 1688, 1637, 1636, 1687, 1689, 1638, 1637, 1688, 1690, 1639, 1638, 1689, 1691, 1640, 1639, 1690, 1692, 1641, 1640, 1691, 1693, 1642, 1641, 1692, 1694, 1643, 1642, 1693, 1695, 1644, 1643, 1694, 1696, 1645, 1644, 1695, 1697, 1646, 1645, 1696, 1698, 1647, 1646, 1697, 1699, 1648, 1647, 1698, 1700, 1649, 1648, 1699, 1701, 1650, 1649, 1700, 1702, 1651, 1650, 1701, 1703, 1652, 1651, 1702, 1704, 1653, 1652, 1703, 1705, 1654, 1653, 1704, 1706, 1655, 1654, 1705, 1707, 1656, 1655, 1706, 1708, 1657, 1656, 1707, 1709, 1658, 1657, 1708, 1710, 1659, 1658, 1709, 1711, 1660, 1659, 1710, 1712, 1661, 1660, 1711, 1713, 1662, 1661, 1712, 1714, 1663, 1662, 1713, 1715, 1664, 1663, 1714, 1716, 1665, 1664, 1715, 1717, 1666, 1665, 1716, 1718, 1667, 1666, 1717, 1719, 1668, 1667, 1718, 1720, 1669, 1668, 1719, 1721, 1670, 1669, 1720, 1722, 1671, 1670, 1721, 1723, 1672, 1671, 1722, 1724, 1673, 1672, 1723, 1725, 1674, 1673, 1724, 1726, 1675, 1674, 1725, 1727, 1676, 1675, 1726, 1728, 1677, 1676, 1727, 1729, 1678, 1677, 1728, 1730, 1679, 1678, 1729, 1731, 1680, 1679, 1730, 1732, 1681, 1680, 1731, 1733, 1682, 1681, 1732, 1735, 1684, 1683, 1734, 1736, 1685, 1684, 1735, 1737, 1686, 1685, 1736, 1738, 1687, 1686, 1737, 1739, 1688, 1687, 1738, 1740, 1689, 1688, 1739, 1741, 1690, 1689, 1740, 1742, 1691, 1690, 1741, 1743, 1692, 1691, 1742, 1744, 1693, 1692, 1743, 1745, 1694, 1693, 1744, 1746, 1695, 1694, 1745, 1747, 1696, 1695, 1746, 1748, 1697, 1696, 1747, 1749, 1698, 1697, 1748, 1750, 1699, 1698, 1749, 1751, 1700, 1699, 1750, 1752, 1701, 1700, 1751, 1753, 1702, 1701, 1752, 1754, 1703, 1702, 1753, 1755, 1704, 1703, 1754, 1756, 1705, 1704, 1755, 1757, 1706, 1705, 1756, 1758, 1707, 1706, 1757, 1759, 1708, 1707, 1758, 1760, 1709, 1708, 1759, 1761, 1710, 1709, 1760, 1762, 1711, 1710, 1761, 1763, 1712, 1711, 1762, 1764, 1713, 1712, 1763, 1765, 1714, 1713, 1764, 1766, 1715, 1714, 1765, 1767, 1716, 1715, 1766, 1768, 1717, 1716, 1767, 1769, 1718, 1717, 1768, 1770, 1719, 1718, 1769, 1771, 1720, 1719, 1770, 1772, 1721, 1720, 1771, 1773, 1722, 1721, 1772, 1774, 1723, 1722, 1773, 1775, 1724, 1723, 1774, 1776, 1725, 1724, 1775, 1777, 1726, 1725, 1776, 1778, 1727, 1726, 1777, 1779, 1728, 1727, 1778, 1780, 1729, 1728, 1779, 1781, 1730, 1729, 1780, 1782, 1731, 1730, 1781, 1783, 1732, 1731, 1782, 1784, 1733, 1732, 1783, 1786, 1735, 1734, 1785, 1787, 1736, 1735, 1786, 1788, 1737, 1736, 1787, 1789, 1738, 1737, 1788, 1790, 1739, 1738, 1789, 1791, 1740, 1739, 1790, 1792, 1741, 1740, 1791, 1793, 1742, 1741, 1792, 1794, 1743, 1742, 1793, 1795, 1744, 1743, 1794, 1796, 1745, 1744, 1795, 1797, 1746, 1745, 1796, 1798, 1747, 1746, 1797, 1799, 1748, 1747, 1798, 1800, 1749, 1748, 1799, 1801, 1750, 1749, 1800, 1802, 1751, 1750, 1801, 1803, 1752, 1751, 1802, 1804, 1753, 1752, 1803, 1805, 1754, 1753, 1804, 1806, 1755, 1754, 1805, 1807, 1756, 1755, 1806, 1808, 1757, 1756, 1807, 1809, 1758, 1757, 1808, 1810, 1759, 1758, 1809, 1811, 1760, 1759, 1810, 1812, 1761, 1760, 1811, 1813, 1762, 1761, 1812, 1814, 1763, 1762, 1813, 1815, 1764, 1763, 1814, 1816, 1765, 1764, 1815, 1817, 1766, 1765, 1816, 1818, 1767, 1766, 1817, 1819, 1768, 1767, 1818, 1820, 1769, 1768, 1819, 1821, 1770, 1769, 1820, 1822, 1771, 1770, 1821, 1823, 1772, 1771, 1822, 1824, 1773, 1772, 1823, 1825, 1774, 1773, 1824, 1826, 1775, 1774, 1825, 1827, 1776, 1775, 1826, 1828, 1777, 1776, 1827, 1829, 1778, 1777, 1828, 1830, 1779, 1778, 1829, 1831, 1780, 1779, 1830, 1832, 1781, 1780, 1831, 1833, 1782, 1781, 1832, 1834, 1783, 1782, 1833, 1835, 1784, 1783, 1834, 1837, 1786, 1785, 1836, 1838, 1787, 1786, 1837, 1839, 1788, 1787, 1838, 1840, 1789, 1788, 1839, 1841, 1790, 1789, 1840, 1842, 1791, 1790, 1841, 1843, 1792, 1791, 1842, 1844, 1793, 1792, 1843, 1845, 1794, 1793, 1844, 1846, 1795, 1794, 1845, 1847, 1796, 1795, 1846, 1848, 1797, 1796, 1847, 1849, 1798, 1797, 1848, 1850, 1799, 1798, 1849, 1851, 1800, 1799, 1850, 1852, 1801, 1800, 1851, 1853, 1802, 1801, 1852, 1854, 1803, 1802, 1853, 1855, 1804, 1803, 1854, 1856, 1805, 1804, 1855, 1857, 1806, 1805, 1856, 1858, 1807, 1806, 1857, 1859, 1808, 1807, 1858, 1860, 1809, 1808, 1859, 1861, 1810, 1809, 1860, 1862, 1811, 1810, 1861, 1863, 1812, 1811, 1862, 1864, 1813, 1812, 1863, 1865, 1814, 1813, 1864, 1866, 1815, 1814, 1865, 1867, 1816, 1815, 1866, 1868, 1817, 1816, 1867, 1869, 1818, 1817, 1868, 1870, 1819, 1818, 1869, 1871, 1820, 1819, 1870, 1872, 1821, 1820, 1871, 1873, 1822, 1821, 1872, 1874, 1823, 1822, 1873, 1875, 1824, 1823, 1874, 1876, 1825, 1824, 1875, 1877, 1826, 1825, 1876, 1878, 1827, 1826, 1877, 1879, 1828, 1827, 1878, 1880, 1829, 1828, 1879, 1881, 1830, 1829, 1880, 1882, 1831, 1830, 1881, 1883, 1832, 1831, 1882, 1884, 1833, 1832, 1883, 1885, 1834, 1833, 1884, 1886, 1835, 1834, 1885, 1888, 1837, 1836, 1887, 1889, 1838, 1837, 1888, 1890, 1839, 1838, 1889, 1891, 1840, 1839, 1890, 1892, 1841, 1840, 1891, 1893, 1842, 1841, 1892, 1894, 1843, 1842, 1893, 1895, 1844, 1843, 1894, 1896, 1845, 1844, 1895, 1897, 1846, 1845, 1896, 1898, 1847, 1846, 1897, 1899, 1848, 1847, 1898, 1900, 1849, 1848, 1899, 1901, 1850, 1849, 1900, 1902, 1851, 1850, 1901, 1903, 1852, 1851, 1902, 1904, 1853, 1852, 1903, 1905, 1854, 1853, 1904, 1906, 1855, 1854, 1905, 1907, 1856, 1855, 1906, 1908, 1857, 1856, 1907, 1909, 1858, 1857, 1908, 1910, 1859, 1858, 1909, 1911, 1860, 1859, 1910, 1912, 1861, 1860, 1911, 1913, 1862, 1861, 1912, 1914, 1863, 1862, 1913, 1915, 1864, 1863, 1914, 1916, 1865, 1864, 1915, 1917, 1866, 1865, 1916, 1918, 1867, 1866, 1917, 1919, 1868, 1867, 1918, 1920, 1869, 1868, 1919, 1921, 1870, 1869, 1920, 1922, 1871, 1870, 1921, 1923, 1872, 1871, 1922, 1924, 1873, 1872, 1923, 1925, 1874, 1873, 1924, 1926, 1875, 1874, 1925, 1927, 1876, 1875, 1926, 1928, 1877, 1876, 1927, 1929, 1878, 1877, 1928, 1930, 1879, 1878, 1929, 1931, 1880, 1879, 1930, 1932, 1881, 1880, 1931, 1933, 1882, 1881, 1932, 1934, 1883, 1882, 1933, 1935, 1884, 1883, 1934, 1936, 1885, 1884, 1935, 1937, 1886, 1885, 1936, 1939, 1888, 1887, 1938, 1940, 1889, 1888, 1939, 1941, 1890, 1889, 1940, 1942, 1891, 1890, 1941, 1943, 1892, 1891, 1942, 1944, 1893, 1892, 1943, 1945, 1894, 1893, 1944, 1946, 1895, 1894, 1945, 1947, 1896, 1895, 1946, 1948, 1897, 1896, 1947, 1949, 1898, 1897, 1948, 1950, 1899, 1898, 1949, 1951, 1900, 1899, 1950, 1952, 1901, 1900, 1951, 1953, 1902, 1901, 1952, 1954, 1903, 1902, 1953, 1955, 1904, 1903, 1954, 1956, 1905, 1904, 1955, 1957, 1906, 1905, 1956, 1958, 1907, 1906, 1957, 1959, 1908, 1907, 1958, 1960, 1909, 1908, 1959, 1961, 1910, 1909, 1960, 1962, 1911, 1910, 1961, 1963, 1912, 1911, 1962, 1964, 1913, 1912, 1963, 1965, 1914, 1913, 1964, 1966, 1915, 1914, 1965, 1967, 1916, 1915, 1966, 1968, 1917, 1916, 1967, 1969, 1918, 1917, 1968, 1970, 1919, 1918, 1969, 1971, 1920, 1919, 1970, 1972, 1921, 1920, 1971, 1973, 1922, 1921, 1972, 1974, 1923, 1922, 1973, 1975, 1924, 1923, 1974, 1976, 1925, 1924, 1975, 1977, 1926, 1925, 1976, 1978, 1927, 1926, 1977, 1979, 1928, 1927, 1978, 1980, 1929, 1928, 1979, 1981, 1930, 1929, 1980, 1982, 1931, 1930, 1981, 1983, 1932, 1931, 1982, 1984, 1933, 1932, 1983, 1985, 1934, 1933, 1984, 1986, 1935, 1934, 1985, 1987, 1936, 1935, 1986, 1988, 1937, 1936, 1987, 1990, 1939, 1938, 1989, 1991, 1940, 1939, 1990, 1992, 1941, 1940, 1991, 1993, 1942, 1941, 1992, 1994, 1943, 1942, 1993, 1995, 1944, 1943, 1994, 1996, 1945, 1944, 1995, 1997, 1946, 1945, 1996, 1998, 1947, 1946, 1997, 1999, 1948, 1947, 1998, 2000, 1949, 1948, 1999, 2001, 1950, 1949, 2000, 2002, 1951, 1950, 2001, 2003, 1952, 1951, 2002, 2004, 1953, 1952, 2003, 2005, 1954, 1953, 2004, 2006, 1955, 1954, 2005, 2007, 1956, 1955, 2006, 2008, 1957, 1956, 2007, 2009, 1958, 1957, 2008, 2010, 1959, 1958, 2009, 2011, 1960, 1959, 2010, 2012, 1961, 1960, 2011, 2013, 1962, 1961, 2012, 2014, 1963, 1962, 2013, 2015, 1964, 1963, 2014, 2016, 1965, 1964, 2015, 2017, 1966, 1965, 2016, 2018, 1967, 1966, 2017, 2019, 1968, 1967, 2018, 2020, 1969, 1968, 2019, 2021, 1970, 1969, 2020, 2022, 1971, 1970, 2021, 2023, 1972, 1971, 2022, 2024, 1973, 1972, 2023, 2025, 1974, 1973, 2024, 2026, 1975, 1974, 2025, 2027, 1976, 1975, 2026, 2028, 1977, 1976, 2027, 2029, 1978, 1977, 2028, 2030, 1979, 1978, 2029, 2031, 1980, 1979, 2030, 2032, 1981, 1980, 2031, 2033, 1982, 1981, 2032, 2034, 1983, 1982, 2033, 2035, 1984, 1983, 2034, 2036, 1985, 1984, 2035, 2037, 1986, 1985, 2036, 2038, 1987, 1986, 2037, 2039, 1988, 1987, 2038, 2041, 1990, 1989, 2040, 2042, 1991, 1990, 2041, 2043, 1992, 1991, 2042, 2044, 1993, 1992, 2043, 2045, 1994, 1993, 2044, 2046, 1995, 1994, 2045, 2047, 1996, 1995, 2046, 2048, 1997, 1996, 2047, 2049, 1998, 1997, 2048, 2050, 1999, 1998, 2049, 2051, 2000, 1999, 2050, 2052, 2001, 2000, 2051, 2053, 2002, 2001, 2052, 2054, 2003, 2002, 2053, 2055, 2004, 2003, 2054, 2056, 2005, 2004, 2055, 2057, 2006, 2005, 2056, 2058, 2007, 2006, 2057, 2059, 2008, 2007, 2058, 2060, 2009, 2008, 2059, 2061, 2010, 2009, 2060, 2062, 2011, 2010, 2061, 2063, 2012, 2011, 2062, 2064, 2013, 2012, 2063, 2065, 2014, 2013, 2064, 2066, 2015, 2014, 2065, 2067, 2016, 2015, 2066, 2068, 2017, 2016, 2067, 2069, 2018, 2017, 2068, 2070, 2019, 2018, 2069, 2071, 2020, 2019, 2070, 2072, 2021, 2020, 2071, 2073, 2022, 2021, 2072, 2074, 2023, 2022, 2073, 2075, 2024, 2023, 2074, 2076, 2025, 2024, 2075, 2077, 2026, 2025, 2076, 2078, 2027, 2026, 2077, 2079, 2028, 2027, 2078, 2080, 2029, 2028, 2079, 2081, 2030, 2029, 2080, 2082, 2031, 2030, 2081, 2083, 2032, 2031, 2082, 2084, 2033, 2032, 2083, 2085, 2034, 2033, 2084, 2086, 2035, 2034, 2085, 2087, 2036, 2035, 2086, 2088, 2037, 2036, 2087, 2089, 2038, 2037, 2088, 2090, 2039, 2038, 2089, 2092, 2041, 2040, 2091, 2093, 2042, 2041, 2092, 2094, 2043, 2042, 2093, 2095, 2044, 2043, 2094, 2096, 2045, 2044, 2095, 2097, 2046, 2045, 2096, 2098, 2047, 2046, 2097, 2099, 2048, 2047, 2098, 2100, 2049, 2048, 2099, 2101, 2050, 2049, 2100, 2102, 2051, 2050, 2101, 2103, 2052, 2051, 2102, 2104, 2053, 2052, 2103, 2105, 2054, 2053, 2104, 2106, 2055, 2054, 2105, 2107, 2056, 2055, 2106, 2108, 2057, 2056, 2107, 2109, 2058, 2057, 2108, 2110, 2059, 2058, 2109, 2111, 2060, 2059, 2110, 2112, 2061, 2060, 2111, 2113, 2062, 2061, 2112, 2114, 2063, 2062, 2113, 2115, 2064, 2063, 2114, 2116, 2065, 2064, 2115, 2117, 2066, 2065, 2116, 2118, 2067, 2066, 2117, 2119, 2068, 2067, 2118, 2120, 2069, 2068, 2119, 2121, 2070, 2069, 2120, 2122, 2071, 2070, 2121, 2123, 2072, 2071, 2122, 2124, 2073, 2072, 2123, 2125, 2074, 2073, 2124, 2126, 2075, 2074, 2125, 2127, 2076, 2075, 2126, 2128, 2077, 2076, 2127, 2129, 2078, 2077, 2128, 2130, 2079, 2078, 2129, 2131, 2080, 2079, 2130, 2132, 2081, 2080, 2131, 2133, 2082, 2081, 2132, 2134, 2083, 2082, 2133, 2135, 2084, 2083, 2134, 2136, 2085, 2084, 2135, 2137, 2086, 2085, 2136, 2138, 2087, 2086, 2137, 2139, 2088, 2087, 2138, 2140, 2089, 2088, 2139, 2141, 2090, 2089, 2140, 2143, 2092, 2091, 2142, 2144, 2093, 2092, 2143, 2145, 2094, 2093, 2144, 2146, 2095, 2094, 2145, 2147, 2096, 2095, 2146, 2148, 2097, 2096, 2147, 2149, 2098, 2097, 2148, 2150, 2099, 2098, 2149, 2151, 2100, 2099, 2150, 2152, 2101, 2100, 2151, 2153, 2102, 2101, 2152, 2154, 2103, 2102, 2153, 2155, 2104, 2103, 2154, 2156, 2105, 2104, 2155, 2157, 2106, 2105, 2156, 2158, 2107, 2106, 2157, 2159, 2108, 2107, 2158, 2160, 2109, 2108, 2159, 2161, 2110, 2109, 2160, 2162, 2111, 2110, 2161, 2163, 2112, 2111, 2162, 2164, 2113, 2112, 2163, 2165, 2114, 2113, 2164, 2166, 2115, 2114, 2165, 2167, 2116, 2115, 2166, 2168, 2117, 2116, 2167, 2169, 2118, 2117, 2168, 2170, 2119, 2118, 2169, 2171, 2120, 2119, 2170, 2172, 2121, 2120, 2171, 2173, 2122, 2121, 2172, 2174, 2123, 2122, 2173, 2175, 2124, 2123, 2174, 2176, 2125, 2124, 2175, 2177, 2126, 2125, 2176, 2178, 2127, 2126, 2177, 2179, 2128, 2127, 2178, 2180, 2129, 2128, 2179, 2181, 2130, 2129, 2180, 2182, 2131, 2130, 2181, 2183, 2132, 2131, 2182, 2184, 2133, 2132, 2183, 2185, 2134, 2133, 2184, 2186, 2135, 2134, 2185, 2187, 2136, 2135, 2186, 2188, 2137, 2136, 2187, 2189, 2138, 2137, 2188, 2190, 2139, 2138, 2189, 2191, 2140, 2139, 2190, 2192, 2141, 2140, 2191, 2194, 2143, 2142, 2193, 2195, 2144, 2143, 2194, 2196, 2145, 2144, 2195, 2197, 2146, 2145, 2196, 2198, 2147, 2146, 2197, 2199, 2148, 2147, 2198, 2200, 2149, 2148, 2199, 2201, 2150, 2149, 2200, 2202, 2151, 2150, 2201, 2203, 2152, 2151, 2202, 2204, 2153, 2152, 2203, 2205, 2154, 2153, 2204, 2206, 2155, 2154, 2205, 2207, 2156, 2155, 2206, 2208, 2157, 2156, 2207, 2209, 2158, 2157, 2208, 2210, 2159, 2158, 2209, 2211, 2160, 2159, 2210, 2212, 2161, 2160, 2211, 2213, 2162, 2161, 2212, 2214, 2163, 2162, 2213, 2215, 2164, 2163, 2214, 2216, 2165, 2164, 2215, 2217, 2166, 2165, 2216, 2218, 2167, 2166, 2217, 2219, 2168, 2167, 2218, 2220, 2169, 2168, 2219, 2221, 2170, 2169, 2220, 2222, 2171, 2170, 2221, 2223, 2172, 2171, 2222, 2224, 2173, 2172, 2223, 2225, 2174, 2173, 2224, 2226, 2175, 2174, 2225, 2227, 2176, 2175, 2226, 2228, 2177, 2176, 2227, 2229, 2178, 2177, 2228, 2230, 2179, 2178, 2229, 2231, 2180, 2179, 2230, 2232, 2181, 2180, 2231, 2233, 2182, 2181, 2232, 2234, 2183, 2182, 2233, 2235, 2184, 2183, 2234, 2236, 2185, 2184, 2235, 2237, 2186, 2185, 2236, 2238, 2187, 2186, 2237, 2239, 2188, 2187, 2238, 2240, 2189, 2188, 2239, 2241, 2190, 2189, 2240, 2242, 2191, 2190, 2241, 2243, 2192, 2191, 2242, 2245, 2194, 2193, 2244, 2246, 2195, 2194, 2245, 2247, 2196, 2195, 2246, 2248, 2197, 2196, 2247, 2249, 2198, 2197, 2248, 2250, 2199, 2198, 2249, 2251, 2200, 2199, 2250, 2252, 2201, 2200, 2251, 2253, 2202, 2201, 2252, 2254, 2203, 2202, 2253, 2255, 2204, 2203, 2254, 2256, 2205, 2204, 2255, 2257, 2206, 2205, 2256, 2258, 2207, 2206, 2257, 2259, 2208, 2207, 2258, 2260, 2209, 2208, 2259, 2261, 2210, 2209, 2260, 2262, 2211, 2210, 2261, 2263, 2212, 2211, 2262, 2264, 2213, 2212, 2263, 2265, 2214, 2213, 2264, 2266, 2215, 2214, 2265, 2267, 2216, 2215, 2266, 2268, 2217, 2216, 2267, 2269, 2218, 2217, 2268, 2270, 2219, 2218, 2269, 2271, 2220, 2219, 2270, 2272, 2221, 2220, 2271, 2273, 2222, 2221, 2272, 2274, 2223, 2222, 2273, 2275, 2224, 2223, 2274, 2276, 2225, 2224, 2275, 2277, 2226, 2225, 2276, 2278, 2227, 2226, 2277, 2279, 2228, 2227, 2278, 2280, 2229, 2228, 2279, 2281, 2230, 2229, 2280, 2282, 2231, 2230, 2281, 2283, 2232, 2231, 2282, 2284, 2233, 2232, 2283, 2285, 2234, 2233, 2284, 2286, 2235, 2234, 2285, 2287, 2236, 2235, 2286, 2288, 2237, 2236, 2287, 2289, 2238, 2237, 2288, 2290, 2239, 2238, 2289, 2291, 2240, 2239, 2290, 2292, 2241, 2240, 2291, 2293, 2242, 2241, 2292, 2294, 2243, 2242, 2293, 2296, 2245, 2244, 2295, 2297, 2246, 2245, 2296, 2298, 2247, 2246, 2297, 2299, 2248, 2247, 2298, 2300, 2249, 2248, 2299, 2301, 2250, 2249, 2300, 2302, 2251, 2250, 2301, 2303, 2252, 2251, 2302, 2304, 2253, 2252, 2303, 2305, 2254, 2253, 2304, 2306, 2255, 2254, 2305, 2307, 2256, 2255, 2306, 2308, 2257, 2256, 2307, 2309, 2258, 2257, 2308, 2310, 2259, 2258, 2309, 2311, 2260, 2259, 2310, 2312, 2261, 2260, 2311, 2313, 2262, 2261, 2312, 2314, 2263, 2262, 2313, 2315, 2264, 2263, 2314, 2316, 2265, 2264, 2315, 2317, 2266, 2265, 2316, 2318, 2267, 2266, 2317, 2319, 2268, 2267, 2318, 2320, 2269, 2268, 2319, 2321, 2270, 2269, 2320, 2322, 2271, 2270, 2321, 2323, 2272, 2271, 2322, 2324, 2273, 2272, 2323, 2325, 2274, 2273, 2324, 2326, 2275, 2274, 2325, 2327, 2276, 2275, 2326, 2328, 2277, 2276, 2327, 2329, 2278, 2277, 2328, 2330, 2279, 2278, 2329, 2331, 2280, 2279, 2330, 2332, 2281, 2280, 2331, 2333, 2282, 2281, 2332, 2334, 2283, 2282, 2333, 2335, 2284, 2283, 2334, 2336, 2285, 2284, 2335, 2337, 2286, 2285, 2336, 2338, 2287, 2286, 2337, 2339, 2288, 2287, 2338, 2340, 2289, 2288, 2339, 2341, 2290, 2289, 2340, 2342, 2291, 2290, 2341, 2343, 2292, 2291, 2342, 2344, 2293, 2292, 2343, 2345, 2294, 2293, 2344, 2347, 2296, 2295, 2346, 2348, 2297, 2296, 2347, 2349, 2298, 2297, 2348, 2350, 2299, 2298, 2349, 2351, 2300, 2299, 2350, 2352, 2301, 2300, 2351, 2353, 2302, 2301, 2352, 2354, 2303, 2302, 2353, 2355, 2304, 2303, 2354, 2356, 2305, 2304, 2355, 2357, 2306, 2305, 2356, 2358, 2307, 2306, 2357, 2359, 2308, 2307, 2358, 2360, 2309, 2308, 2359, 2361, 2310, 2309, 2360, 2362, 2311, 2310, 2361, 2363, 2312, 2311, 2362, 2364, 2313, 2312, 2363, 2365, 2314, 2313, 2364, 2366, 2315, 2314, 2365, 2367, 2316, 2315, 2366, 2368, 2317, 2316, 2367, 2369, 2318, 2317, 2368, 2370, 2319, 2318, 2369, 2371, 2320, 2319, 2370, 2372, 2321, 2320, 2371, 2373, 2322, 2321, 2372, 2374, 2323, 2322, 2373, 2375, 2324, 2323, 2374, 2376, 2325, 2324, 2375, 2377, 2326, 2325, 2376, 2378, 2327, 2326, 2377, 2379, 2328, 2327, 2378, 2380, 2329, 2328, 2379, 2381, 2330, 2329, 2380, 2382, 2331, 2330, 2381, 2383, 2332, 2331, 2382, 2384, 2333, 2332, 2383, 2385, 2334, 2333, 2384, 2386, 2335, 2334, 2385, 2387, 2336, 2335, 2386, 2388, 2337, 2336, 2387, 2389, 2338, 2337, 2388, 2390, 2339, 2338, 2389, 2391, 2340, 2339, 2390, 2392, 2341, 2340, 2391, 2393, 2342, 2341, 2392, 2394, 2343, 2342, 2393, 2395, 2344, 2343, 2394, 2396, 2345, 2344, 2395, 2398, 2347, 2346, 2397, 2399, 2348, 2347, 2398, 2400, 2349, 2348, 2399, 2401, 2350, 2349, 2400, 2402, 2351, 2350, 2401, 2403, 2352, 2351, 2402, 2404, 2353, 2352, 2403, 2405, 2354, 2353, 2404, 2406, 2355, 2354, 2405, 2407, 2356, 2355, 2406, 2408, 2357, 2356, 2407, 2409, 2358, 2357, 2408, 2410, 2359, 2358, 2409, 2411, 2360, 2359, 2410, 2412, 2361, 2360, 2411, 2413, 2362, 2361, 2412, 2414, 2363, 2362, 2413, 2415, 2364, 2363, 2414, 2416, 2365, 2364, 2415, 2417, 2366, 2365, 2416, 2418, 2367, 2366, 2417, 2419, 2368, 2367, 2418, 2420, 2369, 2368, 2419, 2421, 2370, 2369, 2420, 2422, 2371, 2370, 2421, 2423, 2372, 2371, 2422, 2424, 2373, 2372, 2423, 2425, 2374, 2373, 2424, 2426, 2375, 2374, 2425, 2427, 2376, 2375, 2426, 2428, 2377, 2376, 2427, 2429, 2378, 2377, 2428, 2430, 2379, 2378, 2429, 2431, 2380, 2379, 2430, 2432, 2381, 2380, 2431, 2433, 2382, 2381, 2432, 2434, 2383, 2382, 2433, 2435, 2384, 2383, 2434, 2436, 2385, 2384, 2435, 2437, 2386, 2385, 2436, 2438, 2387, 2386, 2437, 2439, 2388, 2387, 2438, 2440, 2389, 2388, 2439, 2441, 2390, 2389, 2440, 2442, 2391, 2390, 2441, 2443, 2392, 2391, 2442, 2444, 2393, 2392, 2443, 2445, 2394, 2393, 2444, 2446, 2395, 2394, 2445, 2447, 2396, 2395, 2446, 2449, 2398, 2397, 2448, 2450, 2399, 2398, 2449, 2451, 2400, 2399, 2450, 2452, 2401, 2400, 2451, 2453, 2402, 2401, 2452, 2454, 2403, 2402, 2453, 2455, 2404, 2403, 2454, 2456, 2405, 2404, 2455, 2457, 2406, 2405, 2456, 2458, 2407, 2406, 2457, 2459, 2408, 2407, 2458, 2460, 2409, 2408, 2459, 2461, 2410, 2409, 2460, 2462, 2411, 2410, 2461, 2463, 2412, 2411, 2462, 2464, 2413, 2412, 2463, 2465, 2414, 2413, 2464, 2466, 2415, 2414, 2465, 2467, 2416, 2415, 2466, 2468, 2417, 2416, 2467, 2469, 2418, 2417, 2468, 2470, 2419, 2418, 2469, 2471, 2420, 2419, 2470, 2472, 2421, 2420, 2471, 2473, 2422, 2421, 2472, 2474, 2423, 2422, 2473, 2475, 2424, 2423, 2474, 2476, 2425, 2424, 2475, 2477, 2426, 2425, 2476, 2478, 2427, 2426, 2477, 2479, 2428, 2427, 2478, 2480, 2429, 2428, 2479, 2481, 2430, 2429, 2480, 2482, 2431, 2430, 2481, 2483, 2432, 2431, 2482, 2484, 2433, 2432, 2483, 2485, 2434, 2433, 2484, 2486, 2435, 2434, 2485, 2487, 2436, 2435, 2486, 2488, 2437, 2436, 2487, 2489, 2438, 2437, 2488, 2490, 2439, 2438, 2489, 2491, 2440, 2439, 2490, 2492, 2441, 2440, 2491, 2493, 2442, 2441, 2492, 2494, 2443, 2442, 2493, 2495, 2444, 2443, 2494, 2496, 2445, 2444, 2495, 2497, 2446, 2445, 2496, 2498, 2447, 2446, 2497, 2500, 2449, 2448, 2499, 2501, 2450, 2449, 2500, 2502, 2451, 2450, 2501, 2503, 2452, 2451, 2502, 2504, 2453, 2452, 2503, 2505, 2454, 2453, 2504, 2506, 2455, 2454, 2505, 2507, 2456, 2455, 2506, 2508, 2457, 2456, 2507, 2509, 2458, 2457, 2508, 2510, 2459, 2458, 2509, 2511, 2460, 2459, 2510, 2512, 2461, 2460, 2511, 2513, 2462, 2461, 2512, 2514, 2463, 2462, 2513, 2515, 2464, 2463, 2514, 2516, 2465, 2464, 2515, 2517, 2466, 2465, 2516, 2518, 2467, 2466, 2517, 2519, 2468, 2467, 2518, 2520, 2469, 2468, 2519, 2521, 2470, 2469, 2520, 2522, 2471, 2470, 2521, 2523, 2472, 2471, 2522, 2524, 2473, 2472, 2523, 2525, 2474, 2473, 2524, 2526, 2475, 2474, 2525, 2527, 2476, 2475, 2526, 2528, 2477, 2476, 2527, 2529, 2478, 2477, 2528, 2530, 2479, 2478, 2529, 2531, 2480, 2479, 2530, 2532, 2481, 2480, 2531, 2533, 2482, 2481, 2532, 2534, 2483, 2482, 2533, 2535, 2484, 2483, 2534, 2536, 2485, 2484, 2535, 2537, 2486, 2485, 2536, 2538, 2487, 2486, 2537, 2539, 2488, 2487, 2538, 2540, 2489, 2488, 2539, 2541, 2490, 2489, 2540, 2542, 2491, 2490, 2541, 2543, 2492, 2491, 2542, 2544, 2493, 2492, 2543, 2545, 2494, 2493, 2544, 2546, 2495, 2494, 2545, 2547, 2496, 2495, 2546, 2548, 2497, 2496, 2547, 2549, 2498, 2497, 2548, 2551, 2500, 2499, 2550, 2552, 2501, 2500, 2551, 2553, 2502, 2501, 2552, 2554, 2503, 2502, 2553, 2555, 2504, 2503, 2554, 2556, 2505, 2504, 2555, 2557, 2506, 2505, 2556, 2558, 2507, 2506, 2557, 2559, 2508, 2507, 2558, 2560, 2509, 2508, 2559, 2561, 2510, 2509, 2560, 2562, 2511, 2510, 2561, 2563, 2512, 2511, 2562, 2564, 2513, 2512, 2563, 2565, 2514, 2513, 2564, 2566, 2515, 2514, 2565, 2567, 2516, 2515, 2566, 2568, 2517, 2516, 2567, 2569, 2518, 2517, 2568, 2570, 2519, 2518, 2569, 2571, 2520, 2519, 2570, 2572, 2521, 2520, 2571, 2573, 2522, 2521, 2572, 2574, 2523, 2522, 2573, 2575, 2524, 2523, 2574, 2576, 2525, 2524, 2575, 2577, 2526, 2525, 2576, 2578, 2527, 2526, 2577, 2579, 2528, 2527, 2578, 2580, 2529, 2528, 2579, 2581, 2530, 2529, 2580, 2582, 2531, 2530, 2581, 2583, 2532, 2531, 2582, 2584, 2533, 2532, 2583, 2585, 2534, 2533, 2584, 2586, 2535, 2534, 2585, 2587, 2536, 2535, 2586, 2588, 2537, 2536, 2587, 2589, 2538, 2537, 2588, 2590, 2539, 2538, 2589, 2591, 2540, 2539, 2590, 2592, 2541, 2540, 2591, 2593, 2542, 2541, 2592, 2594, 2543, 2542, 2593, 2595, 2544, 2543, 2594, 2596, 2545, 2544, 2595, 2597, 2546, 2545, 2596, 2598, 2547, 2546, 2597, 2599, 2548, 2547, 2598, 2600, 2549, 2548, 2599]
        bool pbd:constraint:attach:constraintEnabled = 0
        bool pbd:constraint:dihedral:constraintEnabled = 0
        point3f[] points = [(-0.5, 0, -0.5), (-0.48, 0, -0.5), (-0.46, 0, -0.5), (-0.44, 0, -0.5), (-0.42000002, 0, -0.5), (-0.4, 0, -0.5), (-0.38, 0, -0.5), (-0.36, 0, -0.5), (-0.34, 0, -0.5), (-0.32, 0, -0.5), (-0.3, 0, -0.5), (-0.28, 0, -0.5), (-0.26, 0, -0.5), (-0.24000001, 0, -0.5), (-0.22, 0, -0.5), (-0.20000002, 0, -0.5), (-0.18, 0, -0.5), (-0.16, 0, -0.5), (-0.14000002, 0, -0.5), (-0.120000005, 0, -0.5), (-0.100000024, 0, -0.5), (-0.08000001, 0, -0.5), (-0.060000002, 0, -0.5), (-0.04000002, 0, -0.5), (-0.02000001, 0, -0.5), (0, 0, -0.5), (0.01999998, 0, -0.5), (0.03999996, 0, -0.5), (0.060000002, 0, -0.5), (0.07999998, 0, -0.5), (0.099999964, 0, -0.5), (0.120000005, 0, -0.5), (0.13999999, 0, -0.5), (0.15999997, 0, -0.5), (0.18, 0, -0.5), (0.19999999, 0, -0.5), (0.21999997, 0, -0.5), (0.24000001, 0, -0.5), (0.26, 0, -0.5), (0.27999997, 0, -0.5), (0.29999995, 0, -0.5), (0.32, 0, -0.5), (0.33999997, 0, -0.5), (0.35999995, 0, -0.5), (0.38, 0, -0.5), (0.39999998, 0, -0.5), (0.41999996, 0, -0.5), (0.44, 0, -0.5), (0.45999998, 0, -0.5), (0.47999996, 0, -0.5), (0.5, 0, -0.5), (-0.5, 0, -0.48), (-0.48, 0, -0.48), (-0.46, 0, -0.48), (-0.44, 0, -0.48), (-0.42000002, 0, -0.48), (-0.4, 0, -0.48), (-0.38, 0, -0.48), (-0.36, 0, -0.48), (-0.34, 0, -0.48), (-0.32, 0, -0.48), (-0.3, 0, -0.48), (-0.28, 0, -0.48), (-0.26, 0, -0.48), (-0.24000001, 0, -0.48), (-0.22, 0, -0.48), (-0.20000002, 0, -0.48), (-0.18, 0, -0.48), (-0.16, 0, -0.48), (-0.14000002, 0, -0.48), (-0.120000005, 0, -0.48), (-0.100000024, 0, -0.48), (-0.08000001, 0, -0.48), (-0.060000002, 0, -0.48), (-0.04000002, 0, -0.48), (-0.02000001, 0, -0.48), (0, 0, -0.48), (0.01999998, 0, -0.48), (0.03999996, 0, -0.48), (0.060000002, 0, -0.48), (0.07999998, 0, -0.48), (0.099999964, 0, -0.48), (0.120000005, 0, -0.48), (0.13999999, 0, -0.48), (0.15999997, 0, -0.48), (0.18, 0, -0.48), (0.19999999, 0, -0.48), (0.21999997, 0, -0.48), (0.24000001, 0, -0.48), (0.26, 0, -0.48), (0.27999997, 0, -0.48), (0.29999995, 0, -0.48), (0.32, 0, -0.48), (0.33999997, 0, -0.48), (0.35999995, 0, -0.48), (0.38, 0, -0.48), (0.39999998, 0, -0.48), (0.41999996, 0, -0.48), (0.44, 0, -0.48), (0.45999998, 0, -0.48), (0.47999996, 0, -0.48), (0.5, 0, -0.48), (-0.5, 0, -0.46), (-0.48, 0, -0.46), (-0.46, 0, -0.46), (-0.44, 0, -0.46), (-0.42000002, 0, -0.46), (-0.4, 0, -0.46), (-0.38, 0, -0.46), (-0.36, 0, -0.46), (-0.34, 0, -0.46), (-0.32, 0, -0.46), (-0.3, 0, -0.46), (-0.28, 0, -0.46), (-0.26, 0, -0.46), (-0.24000001, 0, -0.46), (-0.22, 0, -0.46), (-0.20000002, 0, -0.46), (-0.18, 0, -0.46), (-0.16, 0, -0.46), (-0.14000002, 0, -0.46), (-0.120000005, 0, -0.46), (-0.100000024, 0, -0.46), (-0.08000001, 0, -0.46), (-0.060000002, 0, -0.46), (-0.04000002, 0, -0.46), (-0.02000001, 0, -0.46), (0, 0, -0.46), (0.01999998, 0, -0.46), (0.03999996, 0, -0.46), (0.060000002, 0, -0.46), (0.07999998, 0, -0.46), (0.099999964, 0, -0.46), (0.120000005, 0, -0.46), (0.13999999, 0, -0.46), (0.15999997, 0, -0.46), (0.18, 0, -0.46), (0.19999999, 0, -0.46), (0.21999997, 0, -0.46), (0.24000001, 0, -0.46), (0.26, 0, -0.46), (0.27999997, 0, -0.46), (0.29999995, 0, -0.46), (0.32, 0, -0.46), (0.33999997, 0, -0.46), (0.35999995, 0, -0.46), (0.38, 0, -0.46), (0.39999998, 0, -0.46), (0.41999996, 0, -0.46), (0.44, 0, -0.46), (0.45999998, 0, -0.46), (0.47999996, 0, -0.46), (0.5, 0, -0.46), (-0.5, 0, -0.44), (-0.48, 0, -0.44), (-0.46, 0, -0.44), (-0.44, 0, -0.44), (-0.42000002, 0, -0.44), (-0.4, 0, -0.44), (-0.38, 0, -0.44), (-0.36, 0, -0.44), (-0.34, 0, -0.44), (-0.32, 0, -0.44), (-0.3, 0, -0.44), (-0.28, 0, -0.44), (-0.26, 0, -0.44), (-0.24000001, 0, -0.44), (-0.22, 0, -0.44), (-0.20000002, 0, -0.44), (-0.18, 0, -0.44), (-0.16, 0, -0.44), (-0.14000002, 0, -0.44), (-0.120000005, 0, -0.44), (-0.100000024, 0, -0.44), (-0.08000001, 0, -0.44), (-0.060000002, 0, -0.44), (-0.04000002, 0, -0.44), (-0.02000001, 0, -0.44), (0, 0, -0.44), (0.01999998, 0, -0.44), (0.03999996, 0, -0.44), (0.060000002, 0, -0.44), (0.07999998, 0, -0.44), (0.099999964, 0, -0.44), (0.120000005, 0, -0.44), (0.13999999, 0, -0.44), (0.15999997, 0, -0.44), (0.18, 0, -0.44), (0.19999999, 0, -0.44), (0.21999997, 0, -0.44), (0.24000001, 0, -0.44), (0.26, 0, -0.44), (0.27999997, 0, -0.44), (0.29999995, 0, -0.44), (0.32, 0, -0.44), (0.33999997, 0, -0.44), (0.35999995, 0, -0.44), (0.38, 0, -0.44), (0.39999998, 0, -0.44), (0.41999996, 0, -0.44), (0.44, 0, -0.44), (0.45999998, 0, -0.44), (0.47999996, 0, -0.44), (0.5, 0, -0.44), (-0.5, 0, -0.42000002), (-0.48, 0, -0.42000002), (-0.46, 0, -0.42000002), (-0.44, 0, -0.42000002), (-0.42000002, 0, -0.42000002), (-0.4, 0, -0.42000002), (-0.38, 0, -0.42000002), (-0.36, 0, -0.42000002), (-0.34, 0, -0.42000002), (-0.32, 0, -0.42000002), (-0.3, 0, -0.42000002), (-0.28, 0, -0.42000002), (-0.26, 0, -0.42000002), (-0.24000001, 0, -0.42000002), (-0.22, 0, -0.42000002), (-0.20000002, 0, -0.42000002), (-0.18, 0, -0.42000002), (-0.16, 0, -0.42000002), (-0.14000002, 0, -0.42000002), (-0.120000005, 0, -0.42000002), (-0.100000024, 0, -0.42000002), (-0.08000001, 0, -0.42000002), (-0.060000002, 0, -0.42000002), (-0.04000002, 0, -0.42000002), (-0.02000001, 0, -0.42000002), (0, 0, -0.42000002), (0.01999998, 0, -0.42000002), (0.03999996, 0, -0.42000002), (0.060000002, 0, -0.42000002), (0.07999998, 0, -0.42000002), (0.099999964, 0, -0.42000002), (0.120000005, 0, -0.42000002), (0.13999999, 0, -0.42000002), (0.15999997, 0, -0.42000002), (0.18, 0, -0.42000002), (0.19999999, 0, -0.42000002), (0.21999997, 0, -0.42000002), (0.24000001, 0, -0.42000002), (0.26, 0, -0.42000002), (0.27999997, 0, -0.42000002), (0.29999995, 0, -0.42000002), (0.32, 0, -0.42000002), (0.33999997, 0, -0.42000002), (0.35999995, 0, -0.42000002), (0.38, 0, -0.42000002), (0.39999998, 0, -0.42000002), (0.41999996, 0, -0.42000002), (0.44, 0, -0.42000002), (0.45999998, 0, -0.42000002), (0.47999996, 0, -0.42000002), (0.5, 0, -0.42000002), (-0.5, 0, -0.4), (-0.48, 0, -0.4), (-0.46, 0, -0.4), (-0.44, 0, -0.4), (-0.42000002, 0, -0.4), (-0.4, 0, -0.4), (-0.38, 0, -0.4), (-0.36, 0, -0.4), (-0.34, 0, -0.4), (-0.32, 0, -0.4), (-0.3, 0, -0.4), (-0.28, 0, -0.4), (-0.26, 0, -0.4), (-0.24000001, 0, -0.4), (-0.22, 0, -0.4), (-0.20000002, 0, -0.4), (-0.18, 0, -0.4), (-0.16, 0, -0.4), (-0.14000002, 0, -0.4), (-0.120000005, 0, -0.4), (-0.100000024, 0, -0.4), (-0.08000001, 0, -0.4), (-0.060000002, 0, -0.4), (-0.04000002, 0, -0.4), (-0.02000001, 0, -0.4), (0, 0, -0.4), (0.01999998, 0, -0.4), (0.03999996, 0, -0.4), (0.060000002, 0, -0.4), (0.07999998, 0, -0.4), (0.099999964, 0, -0.4), (0.120000005, 0, -0.4), (0.13999999, 0, -0.4), (0.15999997, 0, -0.4), (0.18, 0, -0.4), (0.19999999, 0, -0.4), (0.21999997, 0, -0.4), (0.24000001, 0, -0.4), (0.26, 0, -0.4), (0.27999997, 0, -0.4), (0.29999995, 0, -0.4), (0.32, 0, -0.4), (0.33999997, 0, -0.4), (0.35999995, 0, -0.4), (0.38, 0, -0.4), (0.39999998, 0, -0.4), (0.41999996, 0, -0.4), (0.44, 0, -0.4), (0.45999998, 0, -0.4), (0.47999996, 0, -0.4), (0.5, 0, -0.4), (-0.5, 0, -0.38), (-0.48, 0, -0.38), (-0.46, 0, -0.38), (-0.44, 0, -0.38), (-0.42000002, 0, -0.38), (-0.4, 0, -0.38), (-0.38, 0, -0.38), (-0.36, 0, -0.38), (-0.34, 0, -0.38), (-0.32, 0, -0.38), (-0.3, 0, -0.38), (-0.28, 0, -0.38), (-0.26, 0, -0.38), (-0.24000001, 0, -0.38), (-0.22, 0, -0.38), (-0.20000002, 0, -0.38), (-0.18, 0, -0.38), (-0.16, 0, -0.38), (-0.14000002, 0, -0.38), (-0.120000005, 0, -0.38), (-0.100000024, 0, -0.38), (-0.08000001, 0, -0.38), (-0.060000002, 0, -0.38), (-0.04000002, 0, -0.38), (-0.02000001, 0, -0.38), (0, 0, -0.38), (0.01999998, 0, -0.38), (0.03999996, 0, -0.38), (0.060000002, 0, -0.38), (0.07999998, 0, -0.38), (0.099999964, 0, -0.38), (0.120000005, 0, -0.38), (0.13999999, 0, -0.38), (0.15999997, 0, -0.38), (0.18, 0, -0.38), (0.19999999, 0, -0.38), (0.21999997, 0, -0.38), (0.24000001, 0, -0.38), (0.26, 0, -0.38), (0.27999997, 0, -0.38), (0.29999995, 0, -0.38), (0.32, 0, -0.38), (0.33999997, 0, -0.38), (0.35999995, 0, -0.38), (0.38, 0, -0.38), (0.39999998, 0, -0.38), (0.41999996, 0, -0.38), (0.44, 0, -0.38), (0.45999998, 0, -0.38), (0.47999996, 0, -0.38), (0.5, 0, -0.38), (-0.5, 0, -0.36), (-0.48, 0, -0.36), (-0.46, 0, -0.36), (-0.44, 0, -0.36), (-0.42000002, 0, -0.36), (-0.4, 0, -0.36), (-0.38, 0, -0.36), (-0.36, 0, -0.36), (-0.34, 0, -0.36), (-0.32, 0, -0.36), (-0.3, 0, -0.36), (-0.28, 0, -0.36), (-0.26, 0, -0.36), (-0.24000001, 0, -0.36), (-0.22, 0, -0.36), (-0.20000002, 0, -0.36), (-0.18, 0, -0.36), (-0.16, 0, -0.36), (-0.14000002, 0, -0.36), (-0.120000005, 0, -0.36), (-0.100000024, 0, -0.36), (-0.08000001, 0, -0.36), (-0.060000002, 0, -0.36), (-0.04000002, 0, -0.36), (-0.02000001, 0, -0.36), (0, 0, -0.36), (0.01999998, 0, -0.36), (0.03999996, 0, -0.36), (0.060000002, 0, -0.36), (0.07999998, 0, -0.36), (0.099999964, 0, -0.36), (0.120000005, 0, -0.36), (0.13999999, 0, -0.36), (0.15999997, 0, -0.36), (0.18, 0, -0.36), (0.19999999, 0, -0.36), (0.21999997, 0, -0.36), (0.24000001, 0, -0.36), (0.26, 0, -0.36), (0.27999997, 0, -0.36), (0.29999995, 0, -0.36), (0.32, 0, -0.36), (0.33999997, 0, -0.36), (0.35999995, 0, -0.36), (0.38, 0, -0.36), (0.39999998, 0, -0.36), (0.41999996, 0, -0.36), (0.44, 0, -0.36), (0.45999998, 0, -0.36), (0.47999996, 0, -0.36), (0.5, 0, -0.36), (-0.5, 0, -0.34), (-0.48, 0, -0.34), (-0.46, 0, -0.34), (-0.44, 0, -0.34), (-0.42000002, 0, -0.34), (-0.4, 0, -0.34), (-0.38, 0, -0.34), (-0.36, 0, -0.34), (-0.34, 0, -0.34), (-0.32, 0, -0.34), (-0.3, 0, -0.34), (-0.28, 0, -0.34), (-0.26, 0, -0.34), (-0.24000001, 0, -0.34), (-0.22, 0, -0.34), (-0.20000002, 0, -0.34), (-0.18, 0, -0.34), (-0.16, 0, -0.34), (-0.14000002, 0, -0.34), (-0.120000005, 0, -0.34), (-0.100000024, 0, -0.34), (-0.08000001, 0, -0.34), (-0.060000002, 0, -0.34), (-0.04000002, 0, -0.34), (-0.02000001, 0, -0.34), (0, 0, -0.34), (0.01999998, 0, -0.34), (0.03999996, 0, -0.34), (0.060000002, 0, -0.34), (0.07999998, 0, -0.34), (0.099999964, 0, -0.34), (0.120000005, 0, -0.34), (0.13999999, 0, -0.34), (0.15999997, 0, -0.34), (0.18, 0, -0.34), (0.19999999, 0, -0.34), (0.21999997, 0, -0.34), (0.24000001, 0, -0.34), (0.26, 0, -0.34), (0.27999997, 0, -0.34), (0.29999995, 0, -0.34), (0.32, 0, -0.34), (0.33999997, 0, -0.34), (0.35999995, 0, -0.34), (0.38, 0, -0.34), (0.39999998, 0, -0.34), (0.41999996, 0, -0.34), (0.44, 0, -0.34), (0.45999998, 0, -0.34), (0.47999996, 0, -0.34), (0.5, 0, -0.34), (-0.5, 0, -0.32), (-0.48, 0, -0.32), (-0.46, 0, -0.32), (-0.44, 0, -0.32), (-0.42000002, 0, -0.32), (-0.4, 0, -0.32), (-0.38, 0, -0.32), (-0.36, 0, -0.32), (-0.34, 0, -0.32), (-0.32, 0, -0.32), (-0.3, 0, -0.32), (-0.28, 0, -0.32), (-0.26, 0, -0.32), (-0.24000001, 0, -0.32), (-0.22, 0, -0.32), (-0.20000002, 0, -0.32), (-0.18, 0, -0.32), (-0.16, 0, -0.32), (-0.14000002, 0, -0.32), (-0.120000005, 0, -0.32), (-0.100000024, 0, -0.32), (-0.08000001, 0, -0.32), (-0.060000002, 0, -0.32), (-0.04000002, 0, -0.32), (-0.02000001, 0, -0.32), (0, 0, -0.32), (0.01999998, 0, -0.32), (0.03999996, 0, -0.32), (0.060000002, 0, -0.32), (0.07999998, 0, -0.32), (0.099999964, 0, -0.32), (0.120000005, 0, -0.32), (0.13999999, 0, -0.32), (0.15999997, 0, -0.32), (0.18, 0, -0.32), (0.19999999, 0, -0.32), (0.21999997, 0, -0.32), (0.24000001, 0, -0.32), (0.26, 0, -0.32), (0.27999997, 0, -0.32), (0.29999995, 0, -0.32), (0.32, 0, -0.32), (0.33999997, 0, -0.32), (0.35999995, 0, -0.32), (0.38, 0, -0.32), (0.39999998, 0, -0.32), (0.41999996, 0, -0.32), (0.44, 0, -0.32), (0.45999998, 0, -0.32), (0.47999996, 0, -0.32), (0.5, 0, -0.32), (-0.5, 0, -0.3), (-0.48, 0, -0.3), (-0.46, 0, -0.3), (-0.44, 0, -0.3), (-0.42000002, 0, -0.3), (-0.4, 0, -0.3), (-0.38, 0, -0.3), (-0.36, 0, -0.3), (-0.34, 0, -0.3), (-0.32, 0, -0.3), (-0.3, 0, -0.3), (-0.28, 0, -0.3), (-0.26, 0, -0.3), (-0.24000001, 0, -0.3), (-0.22, 0, -0.3), (-0.20000002, 0, -0.3), (-0.18, 0, -0.3), (-0.16, 0, -0.3), (-0.14000002, 0, -0.3), (-0.120000005, 0, -0.3), (-0.100000024, 0, -0.3), (-0.08000001, 0, -0.3), (-0.060000002, 0, -0.3), (-0.04000002, 0, -0.3), (-0.02000001, 0, -0.3), (0, 0, -0.3), (0.01999998, 0, -0.3), (0.03999996, 0, -0.3), (0.060000002, 0, -0.3), (0.07999998, 0, -0.3), (0.099999964, 0, -0.3), (0.120000005, 0, -0.3), (0.13999999, 0, -0.3), (0.15999997, 0, -0.3), (0.18, 0, -0.3), (0.19999999, 0, -0.3), (0.21999997, 0, -0.3), (0.24000001, 0, -0.3), (0.26, 0, -0.3), (0.27999997, 0, -0.3), (0.29999995, 0, -0.3), (0.32, 0, -0.3), (0.33999997, 0, -0.3), (0.35999995, 0, -0.3), (0.38, 0, -0.3), (0.39999998, 0, -0.3), (0.41999996, 0, -0.3), (0.44, 0, -0.3), (0.45999998, 0, -0.3), (0.47999996, 0, -0.3), (0.5, 0, -0.3), (-0.5, 0, -0.28), (-0.48, 0, -0.28), (-0.46, 0, -0.28), (-0.44, 0, -0.28), (-0.42000002, 0, -0.28), (-0.4, 0, -0.28), (-0.38, 0, -0.28), (-0.36, 0, -0.28), (-0.34, 0, -0.28), (-0.32, 0, -0.28), (-0.3, 0, -0.28), (-0.28, 0, -0.28), (-0.26, 0, -0.28), (-0.24000001, 0, -0.28), (-0.22, 0, -0.28), (-0.20000002, 0, -0.28), (-0.18, 0, -0.28), (-0.16, 0, -0.28), (-0.14000002, 0, -0.28), (-0.120000005, 0, -0.28), (-0.100000024, 0, -0.28), (-0.08000001, 0, -0.28), (-0.060000002, 0, -0.28), (-0.04000002, 0, -0.28), (-0.02000001, 0, -0.28), (0, 0, -0.28), (0.01999998, 0, -0.28), (0.03999996, 0, -0.28), (0.060000002, 0, -0.28), (0.07999998, 0, -0.28), (0.099999964, 0, -0.28), (0.120000005, 0, -0.28), (0.13999999, 0, -0.28), (0.15999997, 0, -0.28), (0.18, 0, -0.28), (0.19999999, 0, -0.28), (0.21999997, 0, -0.28), (0.24000001, 0, -0.28), (0.26, 0, -0.28), (0.27999997, 0, -0.28), (0.29999995, 0, -0.28), (0.32, 0, -0.28), (0.33999997, 0, -0.28), (0.35999995, 0, -0.28), (0.38, 0, -0.28), (0.39999998, 0, -0.28), (0.41999996, 0, -0.28), (0.44, 0, -0.28), (0.45999998, 0, -0.28), (0.47999996, 0, -0.28), (0.5, 0, -0.28), (-0.5, 0, -0.26), (-0.48, 0, -0.26), (-0.46, 0, -0.26), (-0.44, 0, -0.26), (-0.42000002, 0, -0.26), (-0.4, 0, -0.26), (-0.38, 0, -0.26), (-0.36, 0, -0.26), (-0.34, 0, -0.26), (-0.32, 0, -0.26), (-0.3, 0, -0.26), (-0.28, 0, -0.26), (-0.26, 0, -0.26), (-0.24000001, 0, -0.26), (-0.22, 0, -0.26), (-0.20000002, 0, -0.26), (-0.18, 0, -0.26), (-0.16, 0, -0.26), (-0.14000002, 0, -0.26), (-0.120000005, 0, -0.26), (-0.100000024, 0, -0.26), (-0.08000001, 0, -0.26), (-0.060000002, 0, -0.26), (-0.04000002, 0, -0.26), (-0.02000001, 0, -0.26), (0, 0, -0.26), (0.01999998, 0, -0.26), (0.03999996, 0, -0.26), (0.060000002, 0, -0.26), (0.07999998, 0, -0.26), (0.099999964, 0, -0.26), (0.120000005, 0, -0.26), (0.13999999, 0, -0.26), (0.15999997, 0, -0.26), (0.18, 0, -0.26), (0.19999999, 0, -0.26), (0.21999997, 0, -0.26), (0.24000001, 0, -0.26), (0.26, 0, -0.26), (0.27999997, 0, -0.26), (0.29999995, 0, -0.26), (0.32, 0, -0.26), (0.33999997, 0, -0.26), (0.35999995, 0, -0.26), (0.38, 0, -0.26), (0.39999998, 0, -0.26), (0.41999996, 0, -0.26), (0.44, 0, -0.26), (0.45999998, 0, -0.26), (0.47999996, 0, -0.26), (0.5, 0, -0.26), (-0.5, 0, -0.24000001), (-0.48, 0, -0.24000001), (-0.46, 0, -0.24000001), (-0.44, 0, -0.24000001), (-0.42000002, 0, -0.24000001), (-0.4, 0, -0.24000001), (-0.38, 0, -0.24000001), (-0.36, 0, -0.24000001), (-0.34, 0, -0.24000001), (-0.32, 0, -0.24000001), (-0.3, 0, -0.24000001), (-0.28, 0, -0.24000001), (-0.26, 0, -0.24000001), (-0.24000001, 0, -0.24000001), (-0.22, 0, -0.24000001), (-0.20000002, 0, -0.24000001), (-0.18, 0, -0.24000001), (-0.16, 0, -0.24000001), (-0.14000002, 0, -0.24000001), (-0.120000005, 0, -0.24000001), (-0.100000024, 0, -0.24000001), (-0.08000001, 0, -0.24000001), (-0.060000002, 0, -0.24000001), (-0.04000002, 0, -0.24000001), (-0.02000001, 0, -0.24000001), (0, 0, -0.24000001), (0.01999998, 0, -0.24000001), (0.03999996, 0, -0.24000001), (0.060000002, 0, -0.24000001), (0.07999998, 0, -0.24000001), (0.099999964, 0, -0.24000001), (0.120000005, 0, -0.24000001), (0.13999999, 0, -0.24000001), (0.15999997, 0, -0.24000001), (0.18, 0, -0.24000001), (0.19999999, 0, -0.24000001), (0.21999997, 0, -0.24000001), (0.24000001, 0, -0.24000001), (0.26, 0, -0.24000001), (0.27999997, 0, -0.24000001), (0.29999995, 0, -0.24000001), (0.32, 0, -0.24000001), (0.33999997, 0, -0.24000001), (0.35999995, 0, -0.24000001), (0.38, 0, -0.24000001), (0.39999998, 0, -0.24000001), (0.41999996, 0, -0.24000001), (0.44, 0, -0.24000001), (0.45999998, 0, -0.24000001), (0.47999996, 0, -0.24000001), (0.5, 0, -0.24000001), (-0.5, 0, -0.22), (-0.48, 0, -0.22), (-0.46, 0, -0.22), (-0.44, 0, -0.22), (-0.42000002, 0, -0.22), (-0.4, 0, -0.22), (-0.38, 0, -0.22), (-0.36, 0, -0.22), (-0.34, 0, -0.22), (-0.32, 0, -0.22), (-0.3, 0, -0.22), (-0.28, 0, -0.22), (-0.26, 0, -0.22), (-0.24000001, 0, -0.22), (-0.22, 0, -0.22), (-0.20000002, 0, -0.22), (-0.18, 0, -0.22), (-0.16, 0, -0.22), (-0.14000002, 0, -0.22), (-0.120000005, 0, -0.22), (-0.100000024, 0, -0.22), (-0.08000001, 0, -0.22), (-0.060000002, 0, -0.22), (-0.04000002, 0, -0.22), (-0.02000001, 0, -0.22), (0, 0, -0.22), (0.01999998, 0, -0.22), (0.03999996, 0, -0.22), (0.060000002, 0, -0.22), (0.07999998, 0, -0.22), (0.099999964, 0, -0.22), (0.120000005, 0, -0.22), (0.13999999, 0, -0.22), (0.15999997, 0, -0.22), (0.18, 0, -0.22), (0.19999999, 0, -0.22), (0.21999997, 0, -0.22), (0.24000001, 0, -0.22), (0.26, 0, -0.22), (0.27999997, 0, -0.22), (0.29999995, 0, -0.22), (0.32, 0, -0.22), (0.33999997, 0, -0.22), (0.35999995, 0, -0.22), (0.38, 0, -0.22), (0.39999998, 0, -0.22), (0.41999996, 0, -0.22), (0.44, 0, -0.22), (0.45999998, 0, -0.22), (0.47999996, 0, -0.22), (0.5, 0, -0.22), (-0.5, 0, -0.20000002), (-0.48, 0, -0.20000002), (-0.46, 0, -0.20000002), (-0.44, 0, -0.20000002), (-0.42000002, 0, -0.20000002), (-0.4, 0, -0.20000002), (-0.38, 0, -0.20000002), (-0.36, 0, -0.20000002), (-0.34, 0, -0.20000002), (-0.32, 0, -0.20000002), (-0.3, 0, -0.20000002), (-0.28, 0, -0.20000002), (-0.26, 0, -0.20000002), (-0.24000001, 0, -0.20000002), (-0.22, 0, -0.20000002), (-0.20000002, 0, -0.20000002), (-0.18, 0, -0.20000002), (-0.16, 0, -0.20000002), (-0.14000002, 0, -0.20000002), (-0.120000005, 0, -0.20000002), (-0.100000024, 0, -0.20000002), (-0.08000001, 0, -0.20000002), (-0.060000002, 0, -0.20000002), (-0.04000002, 0, -0.20000002), (-0.02000001, 0, -0.20000002), (0, 0, -0.20000002), (0.01999998, 0, -0.20000002), (0.03999996, 0, -0.20000002), (0.060000002, 0, -0.20000002), (0.07999998, 0, -0.20000002), (0.099999964, 0, -0.20000002), (0.120000005, 0, -0.20000002), (0.13999999, 0, -0.20000002), (0.15999997, 0, -0.20000002), (0.18, 0, -0.20000002), (0.19999999, 0, -0.20000002), (0.21999997, 0, -0.20000002), (0.24000001, 0, -0.20000002), (0.26, 0, -0.20000002), (0.27999997, 0, -0.20000002), (0.29999995, 0, -0.20000002), (0.32, 0, -0.20000002), (0.33999997, 0, -0.20000002), (0.35999995, 0, -0.20000002), (0.38, 0, -0.20000002), (0.39999998, 0, -0.20000002), (0.41999996, 0, -0.20000002), (0.44, 0, -0.20000002), (0.45999998, 0, -0.20000002), (0.47999996, 0, -0.20000002), (0.5, 0, -0.20000002), (-0.5, 0, -0.18), (-0.48, 0, -0.18), (-0.46, 0, -0.18), (-0.44, 0, -0.18), (-0.42000002, 0, -0.18), (-0.4, 0, -0.18), (-0.38, 0, -0.18), (-0.36, 0, -0.18), (-0.34, 0, -0.18), (-0.32, 0, -0.18), (-0.3, 0, -0.18), (-0.28, 0, -0.18), (-0.26, 0, -0.18), (-0.24000001, 0, -0.18), (-0.22, 0, -0.18), (-0.20000002, 0, -0.18), (-0.18, 0, -0.18), (-0.16, 0, -0.18), (-0.14000002, 0, -0.18), (-0.120000005, 0, -0.18), (-0.100000024, 0, -0.18), (-0.08000001, 0, -0.18), (-0.060000002, 0, -0.18), (-0.04000002, 0, -0.18), (-0.02000001, 0, -0.18), (0, 0, -0.18), (0.01999998, 0, -0.18), (0.03999996, 0, -0.18), (0.060000002, 0, -0.18), (0.07999998, 0, -0.18), (0.099999964, 0, -0.18), (0.120000005, 0, -0.18), (0.13999999, 0, -0.18), (0.15999997, 0, -0.18), (0.18, 0, -0.18), (0.19999999, 0, -0.18), (0.21999997, 0, -0.18), (0.24000001, 0, -0.18), (0.26, 0, -0.18), (0.27999997, 0, -0.18), (0.29999995, 0, -0.18), (0.32, 0, -0.18), (0.33999997, 0, -0.18), (0.35999995, 0, -0.18), (0.38, 0, -0.18), (0.39999998, 0, -0.18), (0.41999996, 0, -0.18), (0.44, 0, -0.18), (0.45999998, 0, -0.18), (0.47999996, 0, -0.18), (0.5, 0, -0.18), (-0.5, 0, -0.16), (-0.48, 0, -0.16), (-0.46, 0, -0.16), (-0.44, 0, -0.16), (-0.42000002, 0, -0.16), (-0.4, 0, -0.16), (-0.38, 0, -0.16), (-0.36, 0, -0.16), (-0.34, 0, -0.16), (-0.32, 0, -0.16), (-0.3, 0, -0.16), (-0.28, 0, -0.16), (-0.26, 0, -0.16), (-0.24000001, 0, -0.16), (-0.22, 0, -0.16), (-0.20000002, 0, -0.16), (-0.18, 0, -0.16), (-0.16, 0, -0.16), (-0.14000002, 0, -0.16), (-0.120000005, 0, -0.16), (-0.100000024, 0, -0.16), (-0.08000001, 0, -0.16), (-0.060000002, 0, -0.16), (-0.04000002, 0, -0.16), (-0.02000001, 0, -0.16), (0, 0, -0.16), (0.01999998, 0, -0.16), (0.03999996, 0, -0.16), (0.060000002, 0, -0.16), (0.07999998, 0, -0.16), (0.099999964, 0, -0.16), (0.120000005, 0, -0.16), (0.13999999, 0, -0.16), (0.15999997, 0, -0.16), (0.18, 0, -0.16), (0.19999999, 0, -0.16), (0.21999997, 0, -0.16), (0.24000001, 0, -0.16), (0.26, 0, -0.16), (0.27999997, 0, -0.16), (0.29999995, 0, -0.16), (0.32, 0, -0.16), (0.33999997, 0, -0.16), (0.35999995, 0, -0.16), (0.38, 0, -0.16), (0.39999998, 0, -0.16), (0.41999996, 0, -0.16), (0.44, 0, -0.16), (0.45999998, 0, -0.16), (0.47999996, 0, -0.16), (0.5, 0, -0.16), (-0.5, 0, -0.14000002), (-0.48, 0, -0.14000002), (-0.46, 0, -0.14000002), (-0.44, 0, -0.14000002), (-0.42000002, 0, -0.14000002), (-0.4, 0, -0.14000002), (-0.38, 0, -0.14000002), (-0.36, 0, -0.14000002), (-0.34, 0, -0.14000002), (-0.32, 0, -0.14000002), (-0.3, 0, -0.14000002), (-0.28, 0, -0.14000002), (-0.26, 0, -0.14000002), (-0.24000001, 0, -0.14000002), (-0.22, 0, -0.14000002), (-0.20000002, 0, -0.14000002), (-0.18, 0, -0.14000002), (-0.16, 0, -0.14000002), (-0.14000002, 0, -0.14000002), (-0.120000005, 0, -0.14000002), (-0.100000024, 0, -0.14000002), (-0.08000001, 0, -0.14000002), (-0.060000002, 0, -0.14000002), (-0.04000002, 0, -0.14000002), (-0.02000001, 0, -0.14000002), (0, 0, -0.14000002), (0.01999998, 0, -0.14000002), (0.03999996, 0, -0.14000002), (0.060000002, 0, -0.14000002), (0.07999998, 0, -0.14000002), (0.099999964, 0, -0.14000002), (0.120000005, 0, -0.14000002), (0.13999999, 0, -0.14000002), (0.15999997, 0, -0.14000002), (0.18, 0, -0.14000002), (0.19999999, 0, -0.14000002), (0.21999997, 0, -0.14000002), (0.24000001, 0, -0.14000002), (0.26, 0, -0.14000002), (0.27999997, 0, -0.14000002), (0.29999995, 0, -0.14000002), (0.32, 0, -0.14000002), (0.33999997, 0, -0.14000002), (0.35999995, 0, -0.14000002), (0.38, 0, -0.14000002), (0.39999998, 0, -0.14000002), (0.41999996, 0, -0.14000002), (0.44, 0, -0.14000002), (0.45999998, 0, -0.14000002), (0.47999996, 0, -0.14000002), (0.5, 0, -0.14000002), (-0.5, 0, -0.120000005), (-0.48, 0, -0.120000005), (-0.46, 0, -0.120000005), (-0.44, 0, -0.120000005), (-0.42000002, 0, -0.120000005), (-0.4, 0, -0.120000005), (-0.38, 0, -0.120000005), (-0.36, 0, -0.120000005), (-0.34, 0, -0.120000005), (-0.32, 0, -0.120000005), (-0.3, 0, -0.120000005), (-0.28, 0, -0.120000005), (-0.26, 0, -0.120000005), (-0.24000001, 0, -0.120000005), (-0.22, 0, -0.120000005), (-0.20000002, 0, -0.120000005), (-0.18, 0, -0.120000005), (-0.16, 0, -0.120000005), (-0.14000002, 0, -0.120000005), (-0.120000005, 0, -0.120000005), (-0.100000024, 0, -0.120000005), (-0.08000001, 0, -0.120000005), (-0.060000002, 0, -0.120000005), (-0.04000002, 0, -0.120000005), (-0.02000001, 0, -0.120000005), (0, 0, -0.120000005), (0.01999998, 0, -0.120000005), (0.03999996, 0, -0.120000005), (0.060000002, 0, -0.120000005), (0.07999998, 0, -0.120000005), (0.099999964, 0, -0.120000005), (0.120000005, 0, -0.120000005), (0.13999999, 0, -0.120000005), (0.15999997, 0, -0.120000005), (0.18, 0, -0.120000005), (0.19999999, 0, -0.120000005), (0.21999997, 0, -0.120000005), (0.24000001, 0, -0.120000005), (0.26, 0, -0.120000005), (0.27999997, 0, -0.120000005), (0.29999995, 0, -0.120000005), (0.32, 0, -0.120000005), (0.33999997, 0, -0.120000005), (0.35999995, 0, -0.120000005), (0.38, 0, -0.120000005), (0.39999998, 0, -0.120000005), (0.41999996, 0, -0.120000005), (0.44, 0, -0.120000005), (0.45999998, 0, -0.120000005), (0.47999996, 0, -0.120000005), (0.5, 0, -0.120000005), (-0.5, 0, -0.100000024), (-0.48, 0, -0.100000024), (-0.46, 0, -0.100000024), (-0.44, 0, -0.100000024), (-0.42000002, 0, -0.100000024), (-0.4, 0, -0.100000024), (-0.38, 0, -0.100000024), (-0.36, 0, -0.100000024), (-0.34, 0, -0.100000024), (-0.32, 0, -0.100000024), (-0.3, 0, -0.100000024), (-0.28, 0, -0.100000024), (-0.26, 0, -0.100000024), (-0.24000001, 0, -0.100000024), (-0.22, 0, -0.100000024), (-0.20000002, 0, -0.100000024), (-0.18, 0, -0.100000024), (-0.16, 0, -0.100000024), (-0.14000002, 0, -0.100000024), (-0.120000005, 0, -0.100000024), (-0.100000024, 0, -0.100000024), (-0.08000001, 0, -0.100000024), (-0.060000002, 0, -0.100000024), (-0.04000002, 0, -0.100000024), (-0.02000001, 0, -0.100000024), (0, 0, -0.100000024), (0.01999998, 0, -0.100000024), (0.03999996, 0, -0.100000024), (0.060000002, 0, -0.100000024), (0.07999998, 0, -0.100000024), (0.099999964, 0, -0.100000024), (0.120000005, 0, -0.100000024), (0.13999999, 0, -0.100000024), (0.15999997, 0, -0.100000024), (0.18, 0, -0.100000024), (0.19999999, 0, -0.100000024), (0.21999997, 0, -0.100000024), (0.24000001, 0, -0.100000024), (0.26, 0, -0.100000024), (0.27999997, 0, -0.100000024), (0.29999995, 0, -0.100000024), (0.32, 0, -0.100000024), (0.33999997, 0, -0.100000024), (0.35999995, 0, -0.100000024), (0.38, 0, -0.100000024), (0.39999998, 0, -0.100000024), (0.41999996, 0, -0.100000024), (0.44, 0, -0.100000024), (0.45999998, 0, -0.100000024), (0.47999996, 0, -0.100000024), (0.5, 0, -0.100000024), (-0.5, 0, -0.08000001), (-0.48, 0, -0.08000001), (-0.46, 0, -0.08000001), (-0.44, 0, -0.08000001), (-0.42000002, 0, -0.08000001), (-0.4, 0, -0.08000001), (-0.38, 0, -0.08000001), (-0.36, 0, -0.08000001), (-0.34, 0, -0.08000001), (-0.32, 0, -0.08000001), (-0.3, 0, -0.08000001), (-0.28, 0, -0.08000001), (-0.26, 0, -0.08000001), (-0.24000001, 0, -0.08000001), (-0.22, 0, -0.08000001), (-0.20000002, 0, -0.08000001), (-0.18, 0, -0.08000001), (-0.16, 0, -0.08000001), (-0.14000002, 0, -0.08000001), (-0.120000005, 0, -0.08000001), (-0.100000024, 0, -0.08000001), (-0.08000001, 0, -0.08000001), (-0.060000002, 0, -0.08000001), (-0.04000002, 0, -0.08000001), (-0.02000001, 0, -0.08000001), (0, 0, -0.08000001), (0.01999998, 0, -0.08000001), (0.03999996, 0, -0.08000001), (0.060000002, 0, -0.08000001), (0.07999998, 0, -0.08000001), (0.099999964, 0, -0.08000001), (0.120000005, 0, -0.08000001), (0.13999999, 0, -0.08000001), (0.15999997, 0, -0.08000001), (0.18, 0, -0.08000001), (0.19999999, 0, -0.08000001), (0.21999997, 0, -0.08000001), (0.24000001, 0, -0.08000001), (0.26, 0, -0.08000001), (0.27999997, 0, -0.08000001), (0.29999995, 0, -0.08000001), (0.32, 0, -0.08000001), (0.33999997, 0, -0.08000001), (0.35999995, 0, -0.08000001), (0.38, 0, -0.08000001), (0.39999998, 0, -0.08000001), (0.41999996, 0, -0.08000001), (0.44, 0, -0.08000001), (0.45999998, 0, -0.08000001), (0.47999996, 0, -0.08000001), (0.5, 0, -0.08000001), (-0.5, 0, -0.060000002), (-0.48, 0, -0.060000002), (-0.46, 0, -0.060000002), (-0.44, 0, -0.060000002), (-0.42000002, 0, -0.060000002), (-0.4, 0, -0.060000002), (-0.38, 0, -0.060000002), (-0.36, 0, -0.060000002), (-0.34, 0, -0.060000002), (-0.32, 0, -0.060000002), (-0.3, 0, -0.060000002), (-0.28, 0, -0.060000002), (-0.26, 0, -0.060000002), (-0.24000001, 0, -0.060000002), (-0.22, 0, -0.060000002), (-0.20000002, 0, -0.060000002), (-0.18, 0, -0.060000002), (-0.16, 0, -0.060000002), (-0.14000002, 0, -0.060000002), (-0.120000005, 0, -0.060000002), (-0.100000024, 0, -0.060000002), (-0.08000001, 0, -0.060000002), (-0.060000002, 0, -0.060000002), (-0.04000002, 0, -0.060000002), (-0.02000001, 0, -0.060000002), (0, 0, -0.060000002), (0.01999998, 0, -0.060000002), (0.03999996, 0, -0.060000002), (0.060000002, 0, -0.060000002), (0.07999998, 0, -0.060000002), (0.099999964, 0, -0.060000002), (0.120000005, 0, -0.060000002), (0.13999999, 0, -0.060000002), (0.15999997, 0, -0.060000002), (0.18, 0, -0.060000002), (0.19999999, 0, -0.060000002), (0.21999997, 0, -0.060000002), (0.24000001, 0, -0.060000002), (0.26, 0, -0.060000002), (0.27999997, 0, -0.060000002), (0.29999995, 0, -0.060000002), (0.32, 0, -0.060000002), (0.33999997, 0, -0.060000002), (0.35999995, 0, -0.060000002), (0.38, 0, -0.060000002), (0.39999998, 0, -0.060000002), (0.41999996, 0, -0.060000002), (0.44, 0, -0.060000002), (0.45999998, 0, -0.060000002), (0.47999996, 0, -0.060000002), (0.5, 0, -0.060000002), (-0.5, 0, -0.04000002), (-0.48, 0, -0.04000002), (-0.46, 0, -0.04000002), (-0.44, 0, -0.04000002), (-0.42000002, 0, -0.04000002), (-0.4, 0, -0.04000002), (-0.38, 0, -0.04000002), (-0.36, 0, -0.04000002), (-0.34, 0, -0.04000002), (-0.32, 0, -0.04000002), (-0.3, 0, -0.04000002), (-0.28, 0, -0.04000002), (-0.26, 0, -0.04000002), (-0.24000001, 0, -0.04000002), (-0.22, 0, -0.04000002), (-0.20000002, 0, -0.04000002), (-0.18, 0, -0.04000002), (-0.16, 0, -0.04000002), (-0.14000002, 0, -0.04000002), (-0.120000005, 0, -0.04000002), (-0.100000024, 0, -0.04000002), (-0.08000001, 0, -0.04000002), (-0.060000002, 0, -0.04000002), (-0.04000002, 0, -0.04000002), (-0.02000001, 0, -0.04000002), (0, 0, -0.04000002), (0.01999998, 0, -0.04000002), (0.03999996, 0, -0.04000002), (0.060000002, 0, -0.04000002), (0.07999998, 0, -0.04000002), (0.099999964, 0, -0.04000002), (0.120000005, 0, -0.04000002), (0.13999999, 0, -0.04000002), (0.15999997, 0, -0.04000002), (0.18, 0, -0.04000002), (0.19999999, 0, -0.04000002), (0.21999997, 0, -0.04000002), (0.24000001, 0, -0.04000002), (0.26, 0, -0.04000002), (0.27999997, 0, -0.04000002), (0.29999995, 0, -0.04000002), (0.32, 0, -0.04000002), (0.33999997, 0, -0.04000002), (0.35999995, 0, -0.04000002), (0.38, 0, -0.04000002), (0.39999998, 0, -0.04000002), (0.41999996, 0, -0.04000002), (0.44, 0, -0.04000002), (0.45999998, 0, -0.04000002), (0.47999996, 0, -0.04000002), (0.5, 0, -0.04000002), (-0.5, 0, -0.02000001), (-0.48, 0, -0.02000001), (-0.46, 0, -0.02000001), (-0.44, 0, -0.02000001), (-0.42000002, 0, -0.02000001), (-0.4, 0, -0.02000001), (-0.38, 0, -0.02000001), (-0.36, 0, -0.02000001), (-0.34, 0, -0.02000001), (-0.32, 0, -0.02000001), (-0.3, 0, -0.02000001), (-0.28, 0, -0.02000001), (-0.26, 0, -0.02000001), (-0.24000001, 0, -0.02000001), (-0.22, 0, -0.02000001), (-0.20000002, 0, -0.02000001), (-0.18, 0, -0.02000001), (-0.16, 0, -0.02000001), (-0.14000002, 0, -0.02000001), (-0.120000005, 0, -0.02000001), (-0.100000024, 0, -0.02000001), (-0.08000001, 0, -0.02000001), (-0.060000002, 0, -0.02000001), (-0.04000002, 0, -0.02000001), (-0.02000001, 0, -0.02000001), (0, 0, -0.02000001), (0.01999998, 0, -0.02000001), (0.03999996, 0, -0.02000001), (0.060000002, 0, -0.02000001), (0.07999998, 0, -0.02000001), (0.099999964, 0, -0.02000001), (0.120000005, 0, -0.02000001), (0.13999999, 0, -0.02000001), (0.15999997, 0, -0.02000001), (0.18, 0, -0.02000001), (0.19999999, 0, -0.02000001), (0.21999997, 0, -0.02000001), (0.24000001, 0, -0.02000001), (0.26, 0, -0.02000001), (0.27999997, 0, -0.02000001), (0.29999995, 0, -0.02000001), (0.32, 0, -0.02000001), (0.33999997, 0, -0.02000001), (0.35999995, 0, -0.02000001), (0.38, 0, -0.02000001), (0.39999998, 0, -0.02000001), (0.41999996, 0, -0.02000001), (0.44, 0, -0.02000001), (0.45999998, 0, -0.02000001), (0.47999996, 0, -0.02000001), (0.5, 0, -0.02000001), (-0.5, 0, 0), (-0.48, 0, 0), (-0.46, 0, 0), (-0.44, 0, 0), (-0.42000002, 0, 0), (-0.4, 0, 0), (-0.38, 0, 0), (-0.36, 0, 0), (-0.34, 0, 0), (-0.32, 0, 0), (-0.3, 0, 0), (-0.28, 0, 0), (-0.26, 0, 0), (-0.24000001, 0, 0), (-0.22, 0, 0), (-0.20000002, 0, 0), (-0.18, 0, 0), (-0.16, 0, 0), (-0.14000002, 0, 0), (-0.120000005, 0, 0), (-0.100000024, 0, 0), (-0.08000001, 0, 0), (-0.060000002, 0, 0), (-0.04000002, 0, 0), (-0.02000001, 0, 0), (0, 0, 0), (0.01999998, 0, 0), (0.03999996, 0, 0), (0.060000002, 0, 0), (0.07999998, 0, 0), (0.099999964, 0, 0), (0.120000005, 0, 0), (0.13999999, 0, 0), (0.15999997, 0, 0), (0.18, 0, 0), (0.19999999, 0, 0), (0.21999997, 0, 0), (0.24000001, 0, 0), (0.26, 0, 0), (0.27999997, 0, 0), (0.29999995, 0, 0), (0.32, 0, 0), (0.33999997, 0, 0), (0.35999995, 0, 0), (0.38, 0, 0), (0.39999998, 0, 0), (0.41999996, 0, 0), (0.44, 0, 0), (0.45999998, 0, 0), (0.47999996, 0, 0), (0.5, 0, 0), (-0.5, 0, 0.01999998), (-0.48, 0, 0.01999998), (-0.46, 0, 0.01999998), (-0.44, 0, 0.01999998), (-0.42000002, 0, 0.01999998), (-0.4, 0, 0.01999998), (-0.38, 0, 0.01999998), (-0.36, 0, 0.01999998), (-0.34, 0, 0.01999998), (-0.32, 0, 0.01999998), (-0.3, 0, 0.01999998), (-0.28, 0, 0.01999998), (-0.26, 0, 0.01999998), (-0.24000001, 0, 0.01999998), (-0.22, 0, 0.01999998), (-0.20000002, 0, 0.01999998), (-0.18, 0, 0.01999998), (-0.16, 0, 0.01999998), (-0.14000002, 0, 0.01999998), (-0.120000005, 0, 0.01999998), (-0.100000024, 0, 0.01999998), (-0.08000001, 0, 0.01999998), (-0.060000002, 0, 0.01999998), (-0.04000002, 0, 0.01999998), (-0.02000001, 0, 0.01999998), (0, 0, 0.01999998), (0.01999998, 0, 0.01999998), (0.03999996, 0, 0.01999998), (0.060000002, 0, 0.01999998), (0.07999998, 0, 0.01999998), (0.099999964, 0, 0.01999998), (0.120000005, 0, 0.01999998), (0.13999999, 0, 0.01999998), (0.15999997, 0, 0.01999998), (0.18, 0, 0.01999998), (0.19999999, 0, 0.01999998), (0.21999997, 0, 0.01999998), (0.24000001, 0, 0.01999998), (0.26, 0, 0.01999998), (0.27999997, 0, 0.01999998), (0.29999995, 0, 0.01999998), (0.32, 0, 0.01999998), (0.33999997, 0, 0.01999998), (0.35999995, 0, 0.01999998), (0.38, 0, 0.01999998), (0.39999998, 0, 0.01999998), (0.41999996, 0, 0.01999998), (0.44, 0, 0.01999998), (0.45999998, 0, 0.01999998), (0.47999996, 0, 0.01999998), (0.5, 0, 0.01999998), (-0.5, 0, 0.03999996), (-0.48, 0, 0.03999996), (-0.46, 0, 0.03999996), (-0.44, 0, 0.03999996), (-0.42000002, 0, 0.03999996), (-0.4, 0, 0.03999996), (-0.38, 0, 0.03999996), (-0.36, 0, 0.03999996), (-0.34, 0, 0.03999996), (-0.32, 0, 0.03999996), (-0.3, 0, 0.03999996), (-0.28, 0, 0.03999996), (-0.26, 0, 0.03999996), (-0.24000001, 0, 0.03999996), (-0.22, 0, 0.03999996), (-0.20000002, 0, 0.03999996), (-0.18, 0, 0.03999996), (-0.16, 0, 0.03999996), (-0.14000002, 0, 0.03999996), (-0.120000005, 0, 0.03999996), (-0.100000024, 0, 0.03999996), (-0.08000001, 0, 0.03999996), (-0.060000002, 0, 0.03999996), (-0.04000002, 0, 0.03999996), (-0.02000001, 0, 0.03999996), (0, 0, 0.03999996), (0.01999998, 0, 0.03999996), (0.03999996, 0, 0.03999996), (0.060000002, 0, 0.03999996), (0.07999998, 0, 0.03999996), (0.099999964, 0, 0.03999996), (0.120000005, 0, 0.03999996), (0.13999999, 0, 0.03999996), (0.15999997, 0, 0.03999996), (0.18, 0, 0.03999996), (0.19999999, 0, 0.03999996), (0.21999997, 0, 0.03999996), (0.24000001, 0, 0.03999996), (0.26, 0, 0.03999996), (0.27999997, 0, 0.03999996), (0.29999995, 0, 0.03999996), (0.32, 0, 0.03999996), (0.33999997, 0, 0.03999996), (0.35999995, 0, 0.03999996), (0.38, 0, 0.03999996), (0.39999998, 0, 0.03999996), (0.41999996, 0, 0.03999996), (0.44, 0, 0.03999996), (0.45999998, 0, 0.03999996), (0.47999996, 0, 0.03999996), (0.5, 0, 0.03999996), (-0.5, 0, 0.060000002), (-0.48, 0, 0.060000002), (-0.46, 0, 0.060000002), (-0.44, 0, 0.060000002), (-0.42000002, 0, 0.060000002), (-0.4, 0, 0.060000002), (-0.38, 0, 0.060000002), (-0.36, 0, 0.060000002), (-0.34, 0, 0.060000002), (-0.32, 0, 0.060000002), (-0.3, 0, 0.060000002), (-0.28, 0, 0.060000002), (-0.26, 0, 0.060000002), (-0.24000001, 0, 0.060000002), (-0.22, 0, 0.060000002), (-0.20000002, 0, 0.060000002), (-0.18, 0, 0.060000002), (-0.16, 0, 0.060000002), (-0.14000002, 0, 0.060000002), (-0.120000005, 0, 0.060000002), (-0.100000024, 0, 0.060000002), (-0.08000001, 0, 0.060000002), (-0.060000002, 0, 0.060000002), (-0.04000002, 0, 0.060000002), (-0.02000001, 0, 0.060000002), (0, 0, 0.060000002), (0.01999998, 0, 0.060000002), (0.03999996, 0, 0.060000002), (0.060000002, 0, 0.060000002), (0.07999998, 0, 0.060000002), (0.099999964, 0, 0.060000002), (0.120000005, 0, 0.060000002), (0.13999999, 0, 0.060000002), (0.15999997, 0, 0.060000002), (0.18, 0, 0.060000002), (0.19999999, 0, 0.060000002), (0.21999997, 0, 0.060000002), (0.24000001, 0, 0.060000002), (0.26, 0, 0.060000002), (0.27999997, 0, 0.060000002), (0.29999995, 0, 0.060000002), (0.32, 0, 0.060000002), (0.33999997, 0, 0.060000002), (0.35999995, 0, 0.060000002), (0.38, 0, 0.060000002), (0.39999998, 0, 0.060000002), (0.41999996, 0, 0.060000002), (0.44, 0, 0.060000002), (0.45999998, 0, 0.060000002), (0.47999996, 0, 0.060000002), (0.5, 0, 0.060000002), (-0.5, 0, 0.07999998), (-0.48, 0, 0.07999998), (-0.46, 0, 0.07999998), (-0.44, 0, 0.07999998), (-0.42000002, 0, 0.07999998), (-0.4, 0, 0.07999998), (-0.38, 0, 0.07999998), (-0.36, 0, 0.07999998), (-0.34, 0, 0.07999998), (-0.32, 0, 0.07999998), (-0.3, 0, 0.07999998), (-0.28, 0, 0.07999998), (-0.26, 0, 0.07999998), (-0.24000001, 0, 0.07999998), (-0.22, 0, 0.07999998), (-0.20000002, 0, 0.07999998), (-0.18, 0, 0.07999998), (-0.16, 0, 0.07999998), (-0.14000002, 0, 0.07999998), (-0.120000005, 0, 0.07999998), (-0.100000024, 0, 0.07999998), (-0.08000001, 0, 0.07999998), (-0.060000002, 0, 0.07999998), (-0.04000002, 0, 0.07999998), (-0.02000001, 0, 0.07999998), (0, 0, 0.07999998), (0.01999998, 0, 0.07999998), (0.03999996, 0, 0.07999998), (0.060000002, 0, 0.07999998), (0.07999998, 0, 0.07999998), (0.099999964, 0, 0.07999998), (0.120000005, 0, 0.07999998), (0.13999999, 0, 0.07999998), (0.15999997, 0, 0.07999998), (0.18, 0, 0.07999998), (0.19999999, 0, 0.07999998), (0.21999997, 0, 0.07999998), (0.24000001, 0, 0.07999998), (0.26, 0, 0.07999998), (0.27999997, 0, 0.07999998), (0.29999995, 0, 0.07999998), (0.32, 0, 0.07999998), (0.33999997, 0, 0.07999998), (0.35999995, 0, 0.07999998), (0.38, 0, 0.07999998), (0.39999998, 0, 0.07999998), (0.41999996, 0, 0.07999998), (0.44, 0, 0.07999998), (0.45999998, 0, 0.07999998), (0.47999996, 0, 0.07999998), (0.5, 0, 0.07999998), (-0.5, 0, 0.099999964), (-0.48, 0, 0.099999964), (-0.46, 0, 0.099999964), (-0.44, 0, 0.099999964), (-0.42000002, 0, 0.099999964), (-0.4, 0, 0.099999964), (-0.38, 0, 0.099999964), (-0.36, 0, 0.099999964), (-0.34, 0, 0.099999964), (-0.32, 0, 0.099999964), (-0.3, 0, 0.099999964), (-0.28, 0, 0.099999964), (-0.26, 0, 0.099999964), (-0.24000001, 0, 0.099999964), (-0.22, 0, 0.099999964), (-0.20000002, 0, 0.099999964), (-0.18, 0, 0.099999964), (-0.16, 0, 0.099999964), (-0.14000002, 0, 0.099999964), (-0.120000005, 0, 0.099999964), (-0.100000024, 0, 0.099999964), (-0.08000001, 0, 0.099999964), (-0.060000002, 0, 0.099999964), (-0.04000002, 0, 0.099999964), (-0.02000001, 0, 0.099999964), (0, 0, 0.099999964), (0.01999998, 0, 0.099999964), (0.03999996, 0, 0.099999964), (0.060000002, 0, 0.099999964), (0.07999998, 0, 0.099999964), (0.099999964, 0, 0.099999964), (0.120000005, 0, 0.099999964), (0.13999999, 0, 0.099999964), (0.15999997, 0, 0.099999964), (0.18, 0, 0.099999964), (0.19999999, 0, 0.099999964), (0.21999997, 0, 0.099999964), (0.24000001, 0, 0.099999964), (0.26, 0, 0.099999964), (0.27999997, 0, 0.099999964), (0.29999995, 0, 0.099999964), (0.32, 0, 0.099999964), (0.33999997, 0, 0.099999964), (0.35999995, 0, 0.099999964), (0.38, 0, 0.099999964), (0.39999998, 0, 0.099999964), (0.41999996, 0, 0.099999964), (0.44, 0, 0.099999964), (0.45999998, 0, 0.099999964), (0.47999996, 0, 0.099999964), (0.5, 0, 0.099999964), (-0.5, 0, 0.120000005), (-0.48, 0, 0.120000005), (-0.46, 0, 0.120000005), (-0.44, 0, 0.120000005), (-0.42000002, 0, 0.120000005), (-0.4, 0, 0.120000005), (-0.38, 0, 0.120000005), (-0.36, 0, 0.120000005), (-0.34, 0, 0.120000005), (-0.32, 0, 0.120000005), (-0.3, 0, 0.120000005), (-0.28, 0, 0.120000005), (-0.26, 0, 0.120000005), (-0.24000001, 0, 0.120000005), (-0.22, 0, 0.120000005), (-0.20000002, 0, 0.120000005), (-0.18, 0, 0.120000005), (-0.16, 0, 0.120000005), (-0.14000002, 0, 0.120000005), (-0.120000005, 0, 0.120000005), (-0.100000024, 0, 0.120000005), (-0.08000001, 0, 0.120000005), (-0.060000002, 0, 0.120000005), (-0.04000002, 0, 0.120000005), (-0.02000001, 0, 0.120000005), (0, 0, 0.120000005), (0.01999998, 0, 0.120000005), (0.03999996, 0, 0.120000005), (0.060000002, 0, 0.120000005), (0.07999998, 0, 0.120000005), (0.099999964, 0, 0.120000005), (0.120000005, 0, 0.120000005), (0.13999999, 0, 0.120000005), (0.15999997, 0, 0.120000005), (0.18, 0, 0.120000005), (0.19999999, 0, 0.120000005), (0.21999997, 0, 0.120000005), (0.24000001, 0, 0.120000005), (0.26, 0, 0.120000005), (0.27999997, 0, 0.120000005), (0.29999995, 0, 0.120000005), (0.32, 0, 0.120000005), (0.33999997, 0, 0.120000005), (0.35999995, 0, 0.120000005), (0.38, 0, 0.120000005), (0.39999998, 0, 0.120000005), (0.41999996, 0, 0.120000005), (0.44, 0, 0.120000005), (0.45999998, 0, 0.120000005), (0.47999996, 0, 0.120000005), (0.5, 0, 0.120000005), (-0.5, 0, 0.13999999), (-0.48, 0, 0.13999999), (-0.46, 0, 0.13999999), (-0.44, 0, 0.13999999), (-0.42000002, 0, 0.13999999), (-0.4, 0, 0.13999999), (-0.38, 0, 0.13999999), (-0.36, 0, 0.13999999), (-0.34, 0, 0.13999999), (-0.32, 0, 0.13999999), (-0.3, 0, 0.13999999), (-0.28, 0, 0.13999999), (-0.26, 0, 0.13999999), (-0.24000001, 0, 0.13999999), (-0.22, 0, 0.13999999), (-0.20000002, 0, 0.13999999), (-0.18, 0, 0.13999999), (-0.16, 0, 0.13999999), (-0.14000002, 0, 0.13999999), (-0.120000005, 0, 0.13999999), (-0.100000024, 0, 0.13999999), (-0.08000001, 0, 0.13999999), (-0.060000002, 0, 0.13999999), (-0.04000002, 0, 0.13999999), (-0.02000001, 0, 0.13999999), (0, 0, 0.13999999), (0.01999998, 0, 0.13999999), (0.03999996, 0, 0.13999999), (0.060000002, 0, 0.13999999), (0.07999998, 0, 0.13999999), (0.099999964, 0, 0.13999999), (0.120000005, 0, 0.13999999), (0.13999999, 0, 0.13999999), (0.15999997, 0, 0.13999999), (0.18, 0, 0.13999999), (0.19999999, 0, 0.13999999), (0.21999997, 0, 0.13999999), (0.24000001, 0, 0.13999999), (0.26, 0, 0.13999999), (0.27999997, 0, 0.13999999), (0.29999995, 0, 0.13999999), (0.32, 0, 0.13999999), (0.33999997, 0, 0.13999999), (0.35999995, 0, 0.13999999), (0.38, 0, 0.13999999), (0.39999998, 0, 0.13999999), (0.41999996, 0, 0.13999999), (0.44, 0, 0.13999999), (0.45999998, 0, 0.13999999), (0.47999996, 0, 0.13999999), (0.5, 0, 0.13999999), (-0.5, 0, 0.15999997), (-0.48, 0, 0.15999997), (-0.46, 0, 0.15999997), (-0.44, 0, 0.15999997), (-0.42000002, 0, 0.15999997), (-0.4, 0, 0.15999997), (-0.38, 0, 0.15999997), (-0.36, 0, 0.15999997), (-0.34, 0, 0.15999997), (-0.32, 0, 0.15999997), (-0.3, 0, 0.15999997), (-0.28, 0, 0.15999997), (-0.26, 0, 0.15999997), (-0.24000001, 0, 0.15999997), (-0.22, 0, 0.15999997), (-0.20000002, 0, 0.15999997), (-0.18, 0, 0.15999997), (-0.16, 0, 0.15999997), (-0.14000002, 0, 0.15999997), (-0.120000005, 0, 0.15999997), (-0.100000024, 0, 0.15999997), (-0.08000001, 0, 0.15999997), (-0.060000002, 0, 0.15999997), (-0.04000002, 0, 0.15999997), (-0.02000001, 0, 0.15999997), (0, 0, 0.15999997), (0.01999998, 0, 0.15999997), (0.03999996, 0, 0.15999997), (0.060000002, 0, 0.15999997), (0.07999998, 0, 0.15999997), (0.099999964, 0, 0.15999997), (0.120000005, 0, 0.15999997), (0.13999999, 0, 0.15999997), (0.15999997, 0, 0.15999997), (0.18, 0, 0.15999997), (0.19999999, 0, 0.15999997), (0.21999997, 0, 0.15999997), (0.24000001, 0, 0.15999997), (0.26, 0, 0.15999997), (0.27999997, 0, 0.15999997), (0.29999995, 0, 0.15999997), (0.32, 0, 0.15999997), (0.33999997, 0, 0.15999997), (0.35999995, 0, 0.15999997), (0.38, 0, 0.15999997), (0.39999998, 0, 0.15999997), (0.41999996, 0, 0.15999997), (0.44, 0, 0.15999997), (0.45999998, 0, 0.15999997), (0.47999996, 0, 0.15999997), (0.5, 0, 0.15999997), (-0.5, 0, 0.18), (-0.48, 0, 0.18), (-0.46, 0, 0.18), (-0.44, 0, 0.18), (-0.42000002, 0, 0.18), (-0.4, 0, 0.18), (-0.38, 0, 0.18), (-0.36, 0, 0.18), (-0.34, 0, 0.18), (-0.32, 0, 0.18), (-0.3, 0, 0.18), (-0.28, 0, 0.18), (-0.26, 0, 0.18), (-0.24000001, 0, 0.18), (-0.22, 0, 0.18), (-0.20000002, 0, 0.18), (-0.18, 0, 0.18), (-0.16, 0, 0.18), (-0.14000002, 0, 0.18), (-0.120000005, 0, 0.18), (-0.100000024, 0, 0.18), (-0.08000001, 0, 0.18), (-0.060000002, 0, 0.18), (-0.04000002, 0, 0.18), (-0.02000001, 0, 0.18), (0, 0, 0.18), (0.01999998, 0, 0.18), (0.03999996, 0, 0.18), (0.060000002, 0, 0.18), (0.07999998, 0, 0.18), (0.099999964, 0, 0.18), (0.120000005, 0, 0.18), (0.13999999, 0, 0.18), (0.15999997, 0, 0.18), (0.18, 0, 0.18), (0.19999999, 0, 0.18), (0.21999997, 0, 0.18), (0.24000001, 0, 0.18), (0.26, 0, 0.18), (0.27999997, 0, 0.18), (0.29999995, 0, 0.18), (0.32, 0, 0.18), (0.33999997, 0, 0.18), (0.35999995, 0, 0.18), (0.38, 0, 0.18), (0.39999998, 0, 0.18), (0.41999996, 0, 0.18), (0.44, 0, 0.18), (0.45999998, 0, 0.18), (0.47999996, 0, 0.18), (0.5, 0, 0.18), (-0.5, 0, 0.19999999), (-0.48, 0, 0.19999999), (-0.46, 0, 0.19999999), (-0.44, 0, 0.19999999), (-0.42000002, 0, 0.19999999), (-0.4, 0, 0.19999999), (-0.38, 0, 0.19999999), (-0.36, 0, 0.19999999), (-0.34, 0, 0.19999999), (-0.32, 0, 0.19999999), (-0.3, 0, 0.19999999), (-0.28, 0, 0.19999999), (-0.26, 0, 0.19999999), (-0.24000001, 0, 0.19999999), (-0.22, 0, 0.19999999), (-0.20000002, 0, 0.19999999), (-0.18, 0, 0.19999999), (-0.16, 0, 0.19999999), (-0.14000002, 0, 0.19999999), (-0.120000005, 0, 0.19999999), (-0.100000024, 0, 0.19999999), (-0.08000001, 0, 0.19999999), (-0.060000002, 0, 0.19999999), (-0.04000002, 0, 0.19999999), (-0.02000001, 0, 0.19999999), (0, 0, 0.19999999), (0.01999998, 0, 0.19999999), (0.03999996, 0, 0.19999999), (0.060000002, 0, 0.19999999), (0.07999998, 0, 0.19999999), (0.099999964, 0, 0.19999999), (0.120000005, 0, 0.19999999), (0.13999999, 0, 0.19999999), (0.15999997, 0, 0.19999999), (0.18, 0, 0.19999999), (0.19999999, 0, 0.19999999), (0.21999997, 0, 0.19999999), (0.24000001, 0, 0.19999999), (0.26, 0, 0.19999999), (0.27999997, 0, 0.19999999), (0.29999995, 0, 0.19999999), (0.32, 0, 0.19999999), (0.33999997, 0, 0.19999999), (0.35999995, 0, 0.19999999), (0.38, 0, 0.19999999), (0.39999998, 0, 0.19999999), (0.41999996, 0, 0.19999999), (0.44, 0, 0.19999999), (0.45999998, 0, 0.19999999), (0.47999996, 0, 0.19999999), (0.5, 0, 0.19999999), (-0.5, 0, 0.21999997), (-0.48, 0, 0.21999997), (-0.46, 0, 0.21999997), (-0.44, 0, 0.21999997), (-0.42000002, 0, 0.21999997), (-0.4, 0, 0.21999997), (-0.38, 0, 0.21999997), (-0.36, 0, 0.21999997), (-0.34, 0, 0.21999997), (-0.32, 0, 0.21999997), (-0.3, 0, 0.21999997), (-0.28, 0, 0.21999997), (-0.26, 0, 0.21999997), (-0.24000001, 0, 0.21999997), (-0.22, 0, 0.21999997), (-0.20000002, 0, 0.21999997), (-0.18, 0, 0.21999997), (-0.16, 0, 0.21999997), (-0.14000002, 0, 0.21999997), (-0.120000005, 0, 0.21999997), (-0.100000024, 0, 0.21999997), (-0.08000001, 0, 0.21999997), (-0.060000002, 0, 0.21999997), (-0.04000002, 0, 0.21999997), (-0.02000001, 0, 0.21999997), (0, 0, 0.21999997), (0.01999998, 0, 0.21999997), (0.03999996, 0, 0.21999997), (0.060000002, 0, 0.21999997), (0.07999998, 0, 0.21999997), (0.099999964, 0, 0.21999997), (0.120000005, 0, 0.21999997), (0.13999999, 0, 0.21999997), (0.15999997, 0, 0.21999997), (0.18, 0, 0.21999997), (0.19999999, 0, 0.21999997), (0.21999997, 0, 0.21999997), (0.24000001, 0, 0.21999997), (0.26, 0, 0.21999997), (0.27999997, 0, 0.21999997), (0.29999995, 0, 0.21999997), (0.32, 0, 0.21999997), (0.33999997, 0, 0.21999997), (0.35999995, 0, 0.21999997), (0.38, 0, 0.21999997), (0.39999998, 0, 0.21999997), (0.41999996, 0, 0.21999997), (0.44, 0, 0.21999997), (0.45999998, 0, 0.21999997), (0.47999996, 0, 0.21999997), (0.5, 0, 0.21999997), (-0.5, 0, 0.24000001), (-0.48, 0, 0.24000001), (-0.46, 0, 0.24000001), (-0.44, 0, 0.24000001), (-0.42000002, 0, 0.24000001), (-0.4, 0, 0.24000001), (-0.38, 0, 0.24000001), (-0.36, 0, 0.24000001), (-0.34, 0, 0.24000001), (-0.32, 0, 0.24000001), (-0.3, 0, 0.24000001), (-0.28, 0, 0.24000001), (-0.26, 0, 0.24000001), (-0.24000001, 0, 0.24000001), (-0.22, 0, 0.24000001), (-0.20000002, 0, 0.24000001), (-0.18, 0, 0.24000001), (-0.16, 0, 0.24000001), (-0.14000002, 0, 0.24000001), (-0.120000005, 0, 0.24000001), (-0.100000024, 0, 0.24000001), (-0.08000001, 0, 0.24000001), (-0.060000002, 0, 0.24000001), (-0.04000002, 0, 0.24000001), (-0.02000001, 0, 0.24000001), (0, 0, 0.24000001), (0.01999998, 0, 0.24000001), (0.03999996, 0, 0.24000001), (0.060000002, 0, 0.24000001), (0.07999998, 0, 0.24000001), (0.099999964, 0, 0.24000001), (0.120000005, 0, 0.24000001), (0.13999999, 0, 0.24000001), (0.15999997, 0, 0.24000001), (0.18, 0, 0.24000001), (0.19999999, 0, 0.24000001), (0.21999997, 0, 0.24000001), (0.24000001, 0, 0.24000001), (0.26, 0, 0.24000001), (0.27999997, 0, 0.24000001), (0.29999995, 0, 0.24000001), (0.32, 0, 0.24000001), (0.33999997, 0, 0.24000001), (0.35999995, 0, 0.24000001), (0.38, 0, 0.24000001), (0.39999998, 0, 0.24000001), (0.41999996, 0, 0.24000001), (0.44, 0, 0.24000001), (0.45999998, 0, 0.24000001), (0.47999996, 0, 0.24000001), (0.5, 0, 0.24000001), (-0.5, 0, 0.26), (-0.48, 0, 0.26), (-0.46, 0, 0.26), (-0.44, 0, 0.26), (-0.42000002, 0, 0.26), (-0.4, 0, 0.26), (-0.38, 0, 0.26), (-0.36, 0, 0.26), (-0.34, 0, 0.26), (-0.32, 0, 0.26), (-0.3, 0, 0.26), (-0.28, 0, 0.26), (-0.26, 0, 0.26), (-0.24000001, 0, 0.26), (-0.22, 0, 0.26), (-0.20000002, 0, 0.26), (-0.18, 0, 0.26), (-0.16, 0, 0.26), (-0.14000002, 0, 0.26), (-0.120000005, 0, 0.26), (-0.100000024, 0, 0.26), (-0.08000001, 0, 0.26), (-0.060000002, 0, 0.26), (-0.04000002, 0, 0.26), (-0.02000001, 0, 0.26), (0, 0, 0.26), (0.01999998, 0, 0.26), (0.03999996, 0, 0.26), (0.060000002, 0, 0.26), (0.07999998, 0, 0.26), (0.099999964, 0, 0.26), (0.120000005, 0, 0.26), (0.13999999, 0, 0.26), (0.15999997, 0, 0.26), (0.18, 0, 0.26), (0.19999999, 0, 0.26), (0.21999997, 0, 0.26), (0.24000001, 0, 0.26), (0.26, 0, 0.26), (0.27999997, 0, 0.26), (0.29999995, 0, 0.26), (0.32, 0, 0.26), (0.33999997, 0, 0.26), (0.35999995, 0, 0.26), (0.38, 0, 0.26), (0.39999998, 0, 0.26), (0.41999996, 0, 0.26), (0.44, 0, 0.26), (0.45999998, 0, 0.26), (0.47999996, 0, 0.26), (0.5, 0, 0.26), (-0.5, 0, 0.27999997), (-0.48, 0, 0.27999997), (-0.46, 0, 0.27999997), (-0.44, 0, 0.27999997), (-0.42000002, 0, 0.27999997), (-0.4, 0, 0.27999997), (-0.38, 0, 0.27999997), (-0.36, 0, 0.27999997), (-0.34, 0, 0.27999997), (-0.32, 0, 0.27999997), (-0.3, 0, 0.27999997), (-0.28, 0, 0.27999997), (-0.26, 0, 0.27999997), (-0.24000001, 0, 0.27999997), (-0.22, 0, 0.27999997), (-0.20000002, 0, 0.27999997), (-0.18, 0, 0.27999997), (-0.16, 0, 0.27999997), (-0.14000002, 0, 0.27999997), (-0.120000005, 0, 0.27999997), (-0.100000024, 0, 0.27999997), (-0.08000001, 0, 0.27999997), (-0.060000002, 0, 0.27999997), (-0.04000002, 0, 0.27999997), (-0.02000001, 0, 0.27999997), (0, 0, 0.27999997), (0.01999998, 0, 0.27999997), (0.03999996, 0, 0.27999997), (0.060000002, 0, 0.27999997), (0.07999998, 0, 0.27999997), (0.099999964, 0, 0.27999997), (0.120000005, 0, 0.27999997), (0.13999999, 0, 0.27999997), (0.15999997, 0, 0.27999997), (0.18, 0, 0.27999997), (0.19999999, 0, 0.27999997), (0.21999997, 0, 0.27999997), (0.24000001, 0, 0.27999997), (0.26, 0, 0.27999997), (0.27999997, 0, 0.27999997), (0.29999995, 0, 0.27999997), (0.32, 0, 0.27999997), (0.33999997, 0, 0.27999997), (0.35999995, 0, 0.27999997), (0.38, 0, 0.27999997), (0.39999998, 0, 0.27999997), (0.41999996, 0, 0.27999997), (0.44, 0, 0.27999997), (0.45999998, 0, 0.27999997), (0.47999996, 0, 0.27999997), (0.5, 0, 0.27999997), (-0.5, 0, 0.29999995), (-0.48, 0, 0.29999995), (-0.46, 0, 0.29999995), (-0.44, 0, 0.29999995), (-0.42000002, 0, 0.29999995), (-0.4, 0, 0.29999995), (-0.38, 0, 0.29999995), (-0.36, 0, 0.29999995), (-0.34, 0, 0.29999995), (-0.32, 0, 0.29999995), (-0.3, 0, 0.29999995), (-0.28, 0, 0.29999995), (-0.26, 0, 0.29999995), (-0.24000001, 0, 0.29999995), (-0.22, 0, 0.29999995), (-0.20000002, 0, 0.29999995), (-0.18, 0, 0.29999995), (-0.16, 0, 0.29999995), (-0.14000002, 0, 0.29999995), (-0.120000005, 0, 0.29999995), (-0.100000024, 0, 0.29999995), (-0.08000001, 0, 0.29999995), (-0.060000002, 0, 0.29999995), (-0.04000002, 0, 0.29999995), (-0.02000001, 0, 0.29999995), (0, 0, 0.29999995), (0.01999998, 0, 0.29999995), (0.03999996, 0, 0.29999995), (0.060000002, 0, 0.29999995), (0.07999998, 0, 0.29999995), (0.099999964, 0, 0.29999995), (0.120000005, 0, 0.29999995), (0.13999999, 0, 0.29999995), (0.15999997, 0, 0.29999995), (0.18, 0, 0.29999995), (0.19999999, 0, 0.29999995), (0.21999997, 0, 0.29999995), (0.24000001, 0, 0.29999995), (0.26, 0, 0.29999995), (0.27999997, 0, 0.29999995), (0.29999995, 0, 0.29999995), (0.32, 0, 0.29999995), (0.33999997, 0, 0.29999995), (0.35999995, 0, 0.29999995), (0.38, 0, 0.29999995), (0.39999998, 0, 0.29999995), (0.41999996, 0, 0.29999995), (0.44, 0, 0.29999995), (0.45999998, 0, 0.29999995), (0.47999996, 0, 0.29999995), (0.5, 0, 0.29999995), (-0.5, 0, 0.32), (-0.48, 0, 0.32), (-0.46, 0, 0.32), (-0.44, 0, 0.32), (-0.42000002, 0, 0.32), (-0.4, 0, 0.32), (-0.38, 0, 0.32), (-0.36, 0, 0.32), (-0.34, 0, 0.32), (-0.32, 0, 0.32), (-0.3, 0, 0.32), (-0.28, 0, 0.32), (-0.26, 0, 0.32), (-0.24000001, 0, 0.32), (-0.22, 0, 0.32), (-0.20000002, 0, 0.32), (-0.18, 0, 0.32), (-0.16, 0, 0.32), (-0.14000002, 0, 0.32), (-0.120000005, 0, 0.32), (-0.100000024, 0, 0.32), (-0.08000001, 0, 0.32), (-0.060000002, 0, 0.32), (-0.04000002, 0, 0.32), (-0.02000001, 0, 0.32), (0, 0, 0.32), (0.01999998, 0, 0.32), (0.03999996, 0, 0.32), (0.060000002, 0, 0.32), (0.07999998, 0, 0.32), (0.099999964, 0, 0.32), (0.120000005, 0, 0.32), (0.13999999, 0, 0.32), (0.15999997, 0, 0.32), (0.18, 0, 0.32), (0.19999999, 0, 0.32), (0.21999997, 0, 0.32), (0.24000001, 0, 0.32), (0.26, 0, 0.32), (0.27999997, 0, 0.32), (0.29999995, 0, 0.32), (0.32, 0, 0.32), (0.33999997, 0, 0.32), (0.35999995, 0, 0.32), (0.38, 0, 0.32), (0.39999998, 0, 0.32), (0.41999996, 0, 0.32), (0.44, 0, 0.32), (0.45999998, 0, 0.32), (0.47999996, 0, 0.32), (0.5, 0, 0.32), (-0.5, 0, 0.33999997), (-0.48, 0, 0.33999997), (-0.46, 0, 0.33999997), (-0.44, 0, 0.33999997), (-0.42000002, 0, 0.33999997), (-0.4, 0, 0.33999997), (-0.38, 0, 0.33999997), (-0.36, 0, 0.33999997), (-0.34, 0, 0.33999997), (-0.32, 0, 0.33999997), (-0.3, 0, 0.33999997), (-0.28, 0, 0.33999997), (-0.26, 0, 0.33999997), (-0.24000001, 0, 0.33999997), (-0.22, 0, 0.33999997), (-0.20000002, 0, 0.33999997), (-0.18, 0, 0.33999997), (-0.16, 0, 0.33999997), (-0.14000002, 0, 0.33999997), (-0.120000005, 0, 0.33999997), (-0.100000024, 0, 0.33999997), (-0.08000001, 0, 0.33999997), (-0.060000002, 0, 0.33999997), (-0.04000002, 0, 0.33999997), (-0.02000001, 0, 0.33999997), (0, 0, 0.33999997), (0.01999998, 0, 0.33999997), (0.03999996, 0, 0.33999997), (0.060000002, 0, 0.33999997), (0.07999998, 0, 0.33999997), (0.099999964, 0, 0.33999997), (0.120000005, 0, 0.33999997), (0.13999999, 0, 0.33999997), (0.15999997, 0, 0.33999997), (0.18, 0, 0.33999997), (0.19999999, 0, 0.33999997), (0.21999997, 0, 0.33999997), (0.24000001, 0, 0.33999997), (0.26, 0, 0.33999997), (0.27999997, 0, 0.33999997), (0.29999995, 0, 0.33999997), (0.32, 0, 0.33999997), (0.33999997, 0, 0.33999997), (0.35999995, 0, 0.33999997), (0.38, 0, 0.33999997), (0.39999998, 0, 0.33999997), (0.41999996, 0, 0.33999997), (0.44, 0, 0.33999997), (0.45999998, 0, 0.33999997), (0.47999996, 0, 0.33999997), (0.5, 0, 0.33999997), (-0.5, 0, 0.35999995), (-0.48, 0, 0.35999995), (-0.46, 0, 0.35999995), (-0.44, 0, 0.35999995), (-0.42000002, 0, 0.35999995), (-0.4, 0, 0.35999995), (-0.38, 0, 0.35999995), (-0.36, 0, 0.35999995), (-0.34, 0, 0.35999995), (-0.32, 0, 0.35999995), (-0.3, 0, 0.35999995), (-0.28, 0, 0.35999995), (-0.26, 0, 0.35999995), (-0.24000001, 0, 0.35999995), (-0.22, 0, 0.35999995), (-0.20000002, 0, 0.35999995), (-0.18, 0, 0.35999995), (-0.16, 0, 0.35999995), (-0.14000002, 0, 0.35999995), (-0.120000005, 0, 0.35999995), (-0.100000024, 0, 0.35999995), (-0.08000001, 0, 0.35999995), (-0.060000002, 0, 0.35999995), (-0.04000002, 0, 0.35999995), (-0.02000001, 0, 0.35999995), (0, 0, 0.35999995), (0.01999998, 0, 0.35999995), (0.03999996, 0, 0.35999995), (0.060000002, 0, 0.35999995), (0.07999998, 0, 0.35999995), (0.099999964, 0, 0.35999995), (0.120000005, 0, 0.35999995), (0.13999999, 0, 0.35999995), (0.15999997, 0, 0.35999995), (0.18, 0, 0.35999995), (0.19999999, 0, 0.35999995), (0.21999997, 0, 0.35999995), (0.24000001, 0, 0.35999995), (0.26, 0, 0.35999995), (0.27999997, 0, 0.35999995), (0.29999995, 0, 0.35999995), (0.32, 0, 0.35999995), (0.33999997, 0, 0.35999995), (0.35999995, 0, 0.35999995), (0.38, 0, 0.35999995), (0.39999998, 0, 0.35999995), (0.41999996, 0, 0.35999995), (0.44, 0, 0.35999995), (0.45999998, 0, 0.35999995), (0.47999996, 0, 0.35999995), (0.5, 0, 0.35999995), (-0.5, 0, 0.38), (-0.48, 0, 0.38), (-0.46, 0, 0.38), (-0.44, 0, 0.38), (-0.42000002, 0, 0.38), (-0.4, 0, 0.38), (-0.38, 0, 0.38), (-0.36, 0, 0.38), (-0.34, 0, 0.38), (-0.32, 0, 0.38), (-0.3, 0, 0.38), (-0.28, 0, 0.38), (-0.26, 0, 0.38), (-0.24000001, 0, 0.38), (-0.22, 0, 0.38), (-0.20000002, 0, 0.38), (-0.18, 0, 0.38), (-0.16, 0, 0.38), (-0.14000002, 0, 0.38), (-0.120000005, 0, 0.38), (-0.100000024, 0, 0.38), (-0.08000001, 0, 0.38), (-0.060000002, 0, 0.38), (-0.04000002, 0, 0.38), (-0.02000001, 0, 0.38), (0, 0, 0.38), (0.01999998, 0, 0.38), (0.03999996, 0, 0.38), (0.060000002, 0, 0.38), (0.07999998, 0, 0.38), (0.099999964, 0, 0.38), (0.120000005, 0, 0.38), (0.13999999, 0, 0.38), (0.15999997, 0, 0.38), (0.18, 0, 0.38), (0.19999999, 0, 0.38), (0.21999997, 0, 0.38), (0.24000001, 0, 0.38), (0.26, 0, 0.38), (0.27999997, 0, 0.38), (0.29999995, 0, 0.38), (0.32, 0, 0.38), (0.33999997, 0, 0.38), (0.35999995, 0, 0.38), (0.38, 0, 0.38), (0.39999998, 0, 0.38), (0.41999996, 0, 0.38), (0.44, 0, 0.38), (0.45999998, 0, 0.38), (0.47999996, 0, 0.38), (0.5, 0, 0.38), (-0.5, 0, 0.39999998), (-0.48, 0, 0.39999998), (-0.46, 0, 0.39999998), (-0.44, 0, 0.39999998), (-0.42000002, 0, 0.39999998), (-0.4, 0, 0.39999998), (-0.38, 0, 0.39999998), (-0.36, 0, 0.39999998), (-0.34, 0, 0.39999998), (-0.32, 0, 0.39999998), (-0.3, 0, 0.39999998), (-0.28, 0, 0.39999998), (-0.26, 0, 0.39999998), (-0.24000001, 0, 0.39999998), (-0.22, 0, 0.39999998), (-0.20000002, 0, 0.39999998), (-0.18, 0, 0.39999998), (-0.16, 0, 0.39999998), (-0.14000002, 0, 0.39999998), (-0.120000005, 0, 0.39999998), (-0.100000024, 0, 0.39999998), (-0.08000001, 0, 0.39999998), (-0.060000002, 0, 0.39999998), (-0.04000002, 0, 0.39999998), (-0.02000001, 0, 0.39999998), (0, 0, 0.39999998), (0.01999998, 0, 0.39999998), (0.03999996, 0, 0.39999998), (0.060000002, 0, 0.39999998), (0.07999998, 0, 0.39999998), (0.099999964, 0, 0.39999998), (0.120000005, 0, 0.39999998), (0.13999999, 0, 0.39999998), (0.15999997, 0, 0.39999998), (0.18, 0, 0.39999998), (0.19999999, 0, 0.39999998), (0.21999997, 0, 0.39999998), (0.24000001, 0, 0.39999998), (0.26, 0, 0.39999998), (0.27999997, 0, 0.39999998), (0.29999995, 0, 0.39999998), (0.32, 0, 0.39999998), (0.33999997, 0, 0.39999998), (0.35999995, 0, 0.39999998), (0.38, 0, 0.39999998), (0.39999998, 0, 0.39999998), (0.41999996, 0, 0.39999998), (0.44, 0, 0.39999998), (0.45999998, 0, 0.39999998), (0.47999996, 0, 0.39999998), (0.5, 0, 0.39999998), (-0.5, 0, 0.41999996), (-0.48, 0, 0.41999996), (-0.46, 0, 0.41999996), (-0.44, 0, 0.41999996), (-0.42000002, 0, 0.41999996), (-0.4, 0, 0.41999996), (-0.38, 0, 0.41999996), (-0.36, 0, 0.41999996), (-0.34, 0, 0.41999996), (-0.32, 0, 0.41999996), (-0.3, 0, 0.41999996), (-0.28, 0, 0.41999996), (-0.26, 0, 0.41999996), (-0.24000001, 0, 0.41999996), (-0.22, 0, 0.41999996), (-0.20000002, 0, 0.41999996), (-0.18, 0, 0.41999996), (-0.16, 0, 0.41999996), (-0.14000002, 0, 0.41999996), (-0.120000005, 0, 0.41999996), (-0.100000024, 0, 0.41999996), (-0.08000001, 0, 0.41999996), (-0.060000002, 0, 0.41999996), (-0.04000002, 0, 0.41999996), (-0.02000001, 0, 0.41999996), (0, 0, 0.41999996), (0.01999998, 0, 0.41999996), (0.03999996, 0, 0.41999996), (0.060000002, 0, 0.41999996), (0.07999998, 0, 0.41999996), (0.099999964, 0, 0.41999996), (0.120000005, 0, 0.41999996), (0.13999999, 0, 0.41999996), (0.15999997, 0, 0.41999996), (0.18, 0, 0.41999996), (0.19999999, 0, 0.41999996), (0.21999997, 0, 0.41999996), (0.24000001, 0, 0.41999996), (0.26, 0, 0.41999996), (0.27999997, 0, 0.41999996), (0.29999995, 0, 0.41999996), (0.32, 0, 0.41999996), (0.33999997, 0, 0.41999996), (0.35999995, 0, 0.41999996), (0.38, 0, 0.41999996), (0.39999998, 0, 0.41999996), (0.41999996, 0, 0.41999996), (0.44, 0, 0.41999996), (0.45999998, 0, 0.41999996), (0.47999996, 0, 0.41999996), (0.5, 0, 0.41999996), (-0.5, 0, 0.44), (-0.48, 0, 0.44), (-0.46, 0, 0.44), (-0.44, 0, 0.44), (-0.42000002, 0, 0.44), (-0.4, 0, 0.44), (-0.38, 0, 0.44), (-0.36, 0, 0.44), (-0.34, 0, 0.44), (-0.32, 0, 0.44), (-0.3, 0, 0.44), (-0.28, 0, 0.44), (-0.26, 0, 0.44), (-0.24000001, 0, 0.44), (-0.22, 0, 0.44), (-0.20000002, 0, 0.44), (-0.18, 0, 0.44), (-0.16, 0, 0.44), (-0.14000002, 0, 0.44), (-0.120000005, 0, 0.44), (-0.100000024, 0, 0.44), (-0.08000001, 0, 0.44), (-0.060000002, 0, 0.44), (-0.04000002, 0, 0.44), (-0.02000001, 0, 0.44), (0, 0, 0.44), (0.01999998, 0, 0.44), (0.03999996, 0, 0.44), (0.060000002, 0, 0.44), (0.07999998, 0, 0.44), (0.099999964, 0, 0.44), (0.120000005, 0, 0.44), (0.13999999, 0, 0.44), (0.15999997, 0, 0.44), (0.18, 0, 0.44), (0.19999999, 0, 0.44), (0.21999997, 0, 0.44), (0.24000001, 0, 0.44), (0.26, 0, 0.44), (0.27999997, 0, 0.44), (0.29999995, 0, 0.44), (0.32, 0, 0.44), (0.33999997, 0, 0.44), (0.35999995, 0, 0.44), (0.38, 0, 0.44), (0.39999998, 0, 0.44), (0.41999996, 0, 0.44), (0.44, 0, 0.44), (0.45999998, 0, 0.44), (0.47999996, 0, 0.44), (0.5, 0, 0.44), (-0.5, 0, 0.45999998), (-0.48, 0, 0.45999998), (-0.46, 0, 0.45999998), (-0.44, 0, 0.45999998), (-0.42000002, 0, 0.45999998), (-0.4, 0, 0.45999998), (-0.38, 0, 0.45999998), (-0.36, 0, 0.45999998), (-0.34, 0, 0.45999998), (-0.32, 0, 0.45999998), (-0.3, 0, 0.45999998), (-0.28, 0, 0.45999998), (-0.26, 0, 0.45999998), (-0.24000001, 0, 0.45999998), (-0.22, 0, 0.45999998), (-0.20000002, 0, 0.45999998), (-0.18, 0, 0.45999998), (-0.16, 0, 0.45999998), (-0.14000002, 0, 0.45999998), (-0.120000005, 0, 0.45999998), (-0.100000024, 0, 0.45999998), (-0.08000001, 0, 0.45999998), (-0.060000002, 0, 0.45999998), (-0.04000002, 0, 0.45999998), (-0.02000001, 0, 0.45999998), (0, 0, 0.45999998), (0.01999998, 0, 0.45999998), (0.03999996, 0, 0.45999998), (0.060000002, 0, 0.45999998), (0.07999998, 0, 0.45999998), (0.099999964, 0, 0.45999998), (0.120000005, 0, 0.45999998), (0.13999999, 0, 0.45999998), (0.15999997, 0, 0.45999998), (0.18, 0, 0.45999998), (0.19999999, 0, 0.45999998), (0.21999997, 0, 0.45999998), (0.24000001, 0, 0.45999998), (0.26, 0, 0.45999998), (0.27999997, 0, 0.45999998), (0.29999995, 0, 0.45999998), (0.32, 0, 0.45999998), (0.33999997, 0, 0.45999998), (0.35999995, 0, 0.45999998), (0.38, 0, 0.45999998), (0.39999998, 0, 0.45999998), (0.41999996, 0, 0.45999998), (0.44, 0, 0.45999998), (0.45999998, 0, 0.45999998), (0.47999996, 0, 0.45999998), (0.5, 0, 0.45999998), (-0.5, 0, 0.47999996), (-0.48, 0, 0.47999996), (-0.46, 0, 0.47999996), (-0.44, 0, 0.47999996), (-0.42000002, 0, 0.47999996), (-0.4, 0, 0.47999996), (-0.38, 0, 0.47999996), (-0.36, 0, 0.47999996), (-0.34, 0, 0.47999996), (-0.32, 0, 0.47999996), (-0.3, 0, 0.47999996), (-0.28, 0, 0.47999996), (-0.26, 0, 0.47999996), (-0.24000001, 0, 0.47999996), (-0.22, 0, 0.47999996), (-0.20000002, 0, 0.47999996), (-0.18, 0, 0.47999996), (-0.16, 0, 0.47999996), (-0.14000002, 0, 0.47999996), (-0.120000005, 0, 0.47999996), (-0.100000024, 0, 0.47999996), (-0.08000001, 0, 0.47999996), (-0.060000002, 0, 0.47999996), (-0.04000002, 0, 0.47999996), (-0.02000001, 0, 0.47999996), (0, 0, 0.47999996), (0.01999998, 0, 0.47999996), (0.03999996, 0, 0.47999996), (0.060000002, 0, 0.47999996), (0.07999998, 0, 0.47999996), (0.099999964, 0, 0.47999996), (0.120000005, 0, 0.47999996), (0.13999999, 0, 0.47999996), (0.15999997, 0, 0.47999996), (0.18, 0, 0.47999996), (0.19999999, 0, 0.47999996), (0.21999997, 0, 0.47999996), (0.24000001, 0, 0.47999996), (0.26, 0, 0.47999996), (0.27999997, 0, 0.47999996), (0.29999995, 0, 0.47999996), (0.32, 0, 0.47999996), (0.33999997, 0, 0.47999996), (0.35999995, 0, 0.47999996), (0.38, 0, 0.47999996), (0.39999998, 0, 0.47999996), (0.41999996, 0, 0.47999996), (0.44, 0, 0.47999996), (0.45999998, 0, 0.47999996), (0.47999996, 0, 0.47999996), (0.5, 0, 0.47999996), (-0.5, 0, 0.5), (-0.48, 0, 0.5), (-0.46, 0, 0.5), (-0.44, 0, 0.5), (-0.42000002, 0, 0.5), (-0.4, 0, 0.5), (-0.38, 0, 0.5), (-0.36, 0, 0.5), (-0.34, 0, 0.5), (-0.32, 0, 0.5), (-0.3, 0, 0.5), (-0.28, 0, 0.5), (-0.26, 0, 0.5), (-0.24000001, 0, 0.5), (-0.22, 0, 0.5), (-0.20000002, 0, 0.5), (-0.18, 0, 0.5), (-0.16, 0, 0.5), (-0.14000002, 0, 0.5), (-0.120000005, 0, 0.5), (-0.100000024, 0, 0.5), (-0.08000001, 0, 0.5), (-0.060000002, 0, 0.5), (-0.04000002, 0, 0.5), (-0.02000001, 0, 0.5), (0, 0, 0.5), (0.01999998, 0, 0.5), (0.03999996, 0, 0.5), (0.060000002, 0, 0.5), (0.07999998, 0, 0.5), (0.099999964, 0, 0.5), (0.120000005, 0, 0.5), (0.13999999, 0, 0.5), (0.15999997, 0, 0.5), (0.18, 0, 0.5), (0.19999999, 0, 0.5), (0.21999997, 0, 0.5), (0.24000001, 0, 0.5), (0.26, 0, 0.5), (0.27999997, 0, 0.5), (0.29999995, 0, 0.5), (0.32, 0, 0.5), (0.33999997, 0, 0.5), (0.35999995, 0, 0.5), (0.38, 0, 0.5), (0.39999998, 0, 0.5), (0.41999996, 0, 0.5), (0.44, 0, 0.5), (0.45999998, 0, 0.5), (0.47999996, 0, 0.5), (0.5, 0, 0.5)]
        float3 xformOp:scale = (30, 30, 30)
        double3 xformOp:translate = (0, 16, 0)
        uniform token[] xformOpOrder = ["xformOp:translate", "xformOp:scale"]
    }

    def PbdSolver "Solver"
    {
    }

    def Plane "Ground" (
        prepend apiSchemas = ["PbdCollisionAPI"]
    )
    {
        uniform token axis = "Y"
        double length = 100
        float pbd:friction = 0.5
        float pbd:restitution = 0.5
        double width = 100
    }
}

